,K_Key,Kreis,AMR_Key,AMR,Kreis_Simple,coordinates,rads
0,1001,"Flensburg, Stadt",2000,Hamburg,flensburg,"(54.7937431, 9.4469964)","[0.9563312265869246, 0.16488119160405124]"
1,1002,"Kiel, Landeshauptstadt",2000,Hamburg,kiel,"(54.3232927, 10.1227652)","[0.9481203181396003, 0.1766755821463023]"
2,1003,"Lübeck, Hansestadt",2000,Hamburg,lubeck,"(53.865467, 10.686559)","[0.9401297522743525, 0.1865156402586327]"
4,1051,Dithmarschen,2000,Hamburg,dithmarschen,"(54.1328, 9.11737)","[0.9447955933235864, 0.1591281256225554]"
5,1053,Herzogtum Lauenburg,2000,Hamburg,herzogtum-lauenburg,"(53.570009, 10.613951)","[0.934973037372995, 0.18524839159534467]"
6,1054,Nordfriesland,2000,Hamburg,nordfriesland,"(54.676022, 8.933632)","[0.9542766057928551, 0.15592129256152606]"
7,1055,Ostholstein,2000,Hamburg,ostholstein,"(54.164203, 10.850424)","[0.9453436790685902, 0.1893756240374132]"
8,1056,Pinneberg,2000,Hamburg,pinneberg,"(53.6545225, 9.7938212)","[0.9364480762103792, 0.17093442629162206]"
11,1059,Schleswig-Flensburg,2000,Hamburg,schleswig-flensburg,"(54.629896, 9.534861)","[0.9534715552220802, 0.16641471816999903]"
12,1060,Segeberg,2000,Hamburg,segeberg,"(53.961307, 10.152842)","[0.9418024758294637, 0.17720052133476613]"
13,1061,Steinburg,2000,Hamburg,steinburg,"(53.711389, 10.402778)","[0.9374405838694645, 0.18156272745403068]"
14,1062,Stormarn,2000,Hamburg,stormarn,"(53.685894, 10.292985)","[0.9369956121766686, 0.17964647810838855]"
15,2000,"Hamburg, Freie und Hansestadt",2000,Hamburg,hamburg,"(53.551085, 9.993682)","[0.9346427512653476, 0.17442265529729195]"
16,3353,Harburg,2000,Hamburg,harburg,"(53.460768, 9.983584)","[0.933066422244824, 0.17424641194942558]"
18,3355,Lüneburg,2000,Hamburg,luneburg,"(53.246421, 10.411518)","[0.9293253613530515, 0.18171526923065495]"
19,3359,Stade,2000,Hamburg,stade,"(53.5928618, 9.4709494)","[0.9353718939762948, 0.16529925031978146]"
20,3360,Uelzen,2000,Hamburg,uelzen,"(52.9658199, 10.5580304)","[0.9244279482733337, 0.18427239300565393]"
21,13004,"Schwerin, Stadt",2000,Hamburg,schwerin,"(53.6355022, 11.4012499)","[0.9361161093506621, 0.19898934959767425]"
22,13074,Nordwestmecklenburg,2000,Hamburg,nordwestmecklenburg,"(53.828167, 11.148669)","[0.9394787444633586, 0.1945809812650237]"
23,13076,Ludwigslust-Parchim,2000,Hamburg,ludwigslust-parchim,"(53.425038, 11.847839)","[0.9324428161030863, 0.20678379979619246]"
24,3101,"Braunschweig, Stadt",3101,Braunschweig/Wolfsburg,braunschweig,"(52.2688736, 10.5267696)","[0.9122639406287416, 0.18372678911884646]"
25,3102,"Salzgitter, Stadt",3101,Braunschweig/Wolfsburg,salzgitter,"(52.15, 10.333333)","[0.9101892049150428, 0.1803506835549832]"
26,3103,"Wolfsburg, Stadt",3101,Braunschweig/Wolfsburg,wolfsburg,"(52.4226503, 10.7865461)","[0.9149478503565932, 0.18826074436315354]"
27,3151,Gifhorn,3101,Braunschweig/Wolfsburg,gifhorn,"(52.4809091, 10.5507829)","[0.915964658234854, 0.18414590026811561]"
28,3153,Goslar,3101,Braunschweig/Wolfsburg,goslar,"(51.9059531, 10.4289963)","[0.9059297829807574, 0.1820203231133063]"
29,3154,Helmstedt,3101,Braunschweig/Wolfsburg,helmstedt,"(52.228966, 11.009544)","[0.9115674216121727, 0.1921527919431866]"
30,3157,Peine,3101,Braunschweig/Wolfsburg,peine,"(52.3204095, 10.243267)","[0.9131634117667201, 0.17877873531088198]"
32,3155,Northeim,3159,Göttingen,northeim,"(51.7001785, 9.9959057)","[0.9023383386937832, 0.17446146618386854]"
34,16061,Eichsfeld,3159,Göttingen,eichsfeld,"(51.361894, 10.242846)","[0.8964341603603204, 0.17877138747473112]"
35,16062,Nordhausen,3159,Göttingen,nordhausen,"(51.4990791, 10.791581)","[0.8988284920399982, 0.1883486199456622]"
37,3252,Hameln-Pyrmont,3241,Hannover,hameln-pyrmont,"(52.116503, 9.374006)","[0.9096045719755024, 0.16360726880170356]"
38,3254,Hildesheim,3241,Hannover,hildesheim,"(52.154778, 9.9579652)","[0.9102725967467031, 0.17379927953901564]"
39,3256,Nienburg (Weser),3241,Hannover,nienburg-weser,"(52.6380924, 9.2084155)","[0.918708024349004, 0.16071716936667987]"
40,3257,Schaumburg,3241,Hannover,schaumburg,"(42.0333607, -88.0834059)","[0.7336205398933885, -1.5373454493255991]"
41,3351,Celle,3241,Hannover,celle,"(52.6175963, 10.0628515)","[0.918350299920186, 0.17562989081425018]"
43,3402,"Emden, Stadt",3403,Oldenburg(O.),emden,"(53.3594029, 7.2060095)","[0.9312972675032106, 0.12576859170499033]"
44,3403,"Oldenburg (Oldenburg), Stadt",3403,Oldenburg(O.),oldenburg-oldenburg,"(54.2957397, 10.8919582)","[0.9476394275707982, 0.19010053257959503]"
45,3405,"Wilhelmshaven, Stadt",3403,Oldenburg(O.),wilhelmshaven,"(53.5323403, 8.1068722)","[0.934315594533049, 0.14149161192839624]"
46,3451,Ammerland,3403,Oldenburg(O.),ammerland,"(53.2513, 8.011015)","[0.9294105159672564, 0.13981858817665355]"
47,3452,Aurich,3403,Oldenburg(O.),aurich,"(53.4708393, 7.4848308)","[0.93324219958978, 0.13063494141468118]"
48,3453,Cloppenburg,3403,Oldenburg(O.),cloppenburg,"(52.844198, 8.0530158)","[0.9223052456758024, 0.1405516404251252]"
49,3455,Friesland,3403,Oldenburg(O.),friesland,"(53.1641642, 5.7817542)","[0.9278897093608972, 0.10091064733101072]"
50,3457,Leer,3403,Oldenburg(O.),leer,"(53.235657, 7.467902)","[0.929137494112367, 0.13033947811626956]"
51,3461,Wesermarsch,3403,Oldenburg(O.),wesermarsch,"(53.397929, 8.403881)","[0.9319696747961631, 0.14667539339579358]"
52,3462,Wittmund,3403,Oldenburg(O.),wittmund,"(53.5766311, 7.773289)","[0.9350886148213914, 0.1356694867590575]"
55,3460,Vechta,3404,Osnabrück,vechta,"(52.7292252, 8.2838761)","[0.9202985917655655, 0.14458091277226703]"
56,3251,Diepholz,4011,Bremen,diepholz,"(52.6056456, 8.3707878)","[0.918141720857268, 0.1460978080957726]"
57,3352,Cuxhaven,4011,Bremen,cuxhaven,"(53.859336, 8.6879057)","[0.9400227461379126, 0.1516325595677827]"
58,3356,Osterholz,4011,Bremen,osterholz,"(53.279669, 8.83492)","[0.9299056484227547, 0.15419844315029743]"
60,3361,Verden,4011,Bremen,verden,"(52.9347982, 9.2329647)","[0.9238865174687678, 0.1611456337354105]"
61,3401,"Delmenhorst, Stadt",4011,Bremen,delmenhorst,"(53.0521886, 8.6355932)","[0.925935366459001, 0.1507195342028332]"
62,3458,Oldenburg,4011,Bremen,oldenburg,"(53.1434501, 8.2145521)","[0.9275281801143098, 0.1433709807216145]"
63,4011,"Bremen, Stadt",4011,Bremen,bremen,"(53.0792962, 8.8016937)","[0.9264084833313146, 0.15361853481704202]"
64,4012,"Bremerhaven, Stadt",4011,Bremen,bremerhaven,"(53.5395845, 8.5809424)","[0.9344420296747219, 0.14976569780398427]"
65,5111,"Düsseldorf, Stadt",5113,Düsseldorf-Ruhr,dusseldorf,"(51.227741, 6.773456)","[0.8940927488088926, 0.11821910893896503]"
66,5112,"Duisburg, Stadt",5113,Düsseldorf-Ruhr,duisburg,"(51.4344079, 6.7623293)","[0.8976997666687823, 0.11802491138908339]"
67,5113,"Essen, Stadt",5113,Düsseldorf-Ruhr,essen,"(51.4556432, 7.0115552)","[0.8980703925714311, 0.12237472392532951]"
68,5114,"Krefeld, Stadt",5113,Düsseldorf-Ruhr,krefeld,"(51.3387609, 6.5853417)","[0.8960304115991272, 0.11493589503388066]"
71,5119,"Oberhausen, Stadt",5113,Düsseldorf-Ruhr,oberhausen,"(51.4963341, 6.8637765)","[0.8987805827520309, 0.11979549904601258]"
72,5120,"Remscheid, Stadt",5113,Düsseldorf-Ruhr,remscheid,"(51.1787418, 7.1896962)","[0.8932375514380492, 0.12548387090812474]"
73,5122,"Solingen, Stadt",5113,Düsseldorf-Ruhr,solingen,"(51.1702072, 7.0831408)","[0.8930885945677086, 0.12362412834234517]"
74,5124,"Wuppertal, Stadt",5113,Düsseldorf-Ruhr,wuppertal,"(51.2562128, 7.1507636)","[0.8945896754628618, 0.1248043688517628]"
75,5154,Kleve,5113,Düsseldorf-Ruhr,kleve,"(51.786726, 6.12954)","[0.903848877528153, 0.10698065463269324]"
76,5158,Mettmann,5113,Düsseldorf-Ruhr,mettmann,"(51.2506663, 6.9740265)","[0.8944928707758999, 0.12171972454633632]"
78,5166,Viersen,5113,Düsseldorf-Ruhr,viersen,"(51.2554987, 6.3965235)","[0.8945772120666733, 0.1116403957561915]"
79,5170,Wesel,5113,Düsseldorf-Ruhr,wesel,"(51.6643079, 6.6295679)","[0.9017122786191173, 0.11570778783952618]"
80,5370,Heinsberg,5113,Düsseldorf-Ruhr,heinsberg,"(51.0600381, 6.1183729)","[0.8911657810387497, 0.10678575196979377]"
81,5512,"Bottrop, Stadt",5113,Düsseldorf-Ruhr,bottrop,"(51.529086, 6.9446888)","[0.8993522112433148, 0.12120768508637397]"
82,5513,"Gelsenkirchen, Stadt",5113,Düsseldorf-Ruhr,gelsenkirchen,"(51.517744, 7.0857172)","[0.8991542559995536, 0.12366909500519356]"
83,5562,Recklinghausen,5113,Düsseldorf-Ruhr,recklinghausen,"(51.6140649, 7.1979453)","[0.9008353728430378, 0.125627844863451]"
84,5911,"Bochum, Stadt",5113,Düsseldorf-Ruhr,bochum,"(51.4818445, 7.2162363)","[0.8985276915247339, 0.12594708303693328]"
85,5913,"Dortmund, Stadt",5113,Düsseldorf-Ruhr,dortmund,"(51.5135872, 7.4652981)","[0.8990817061532067, 0.1302940314878769]"
86,5914,"Hagen, Stadt",5113,Düsseldorf-Ruhr,hagen,"(51.3670777, 7.4632841)","[0.8965246329927561, 0.13025888055674173]"
87,5915,"Hamm, Stadt",5113,Düsseldorf-Ruhr,hamm,"(51.6738583, 7.8159816)","[0.9018789645439997, 0.13641461319529444]"
88,5916,"Herne, Stadt",5113,Düsseldorf-Ruhr,herne,"(51.5368948, 7.2009147)","[0.8994885005139445, 0.12567967067025973]"
92,5974,Soest,5113,Düsseldorf-Ruhr,soest,"(51.5711476, 8.105754)","[0.9000863246519717, 0.14147209565670044]"
93,5978,Unna,5113,Düsseldorf-Ruhr,unna,"(51.5426349, 7.6853114)","[0.8995886841583383, 0.13413398797105494]"
95,5358,Düren,5334,Aachen,duren,"(50.802951, 6.481105)","[0.8866787646793458, 0.1131166214174671]"
96,5314,"Bonn, Stadt",5315,Köln,bonn,"(50.73743, 7.0982068)","[0.8855352075001466, 0.12388707964745063]"
97,5315,"Köln, Stadt",5315,Köln,koln,"(50.937531, 6.960279)","[0.8890276287866797, 0.1214797854074184]"
98,5316,"Leverkusen, Stadt",5315,Köln,leverkusen,"(51.0459248, 7.0192196)","[0.890919457485428, 0.12250849294051937]"
100,5366,Euskirchen,5315,Köln,euskirchen,"(50.6574392, 6.7899945)","[0.8841391046688423, 0.11850776021730611]"
104,7131,Ahrweiler,5315,Köln,ahrweiler,"(50.54182, 7.11977)","[0.8821211689503204, 0.12426342848471668]"
105,3454,Emsland,5515,Münster,emsland,"(52.725321, 7.463152)","[0.9202304506209091, 0.13025657497679985]"
106,3456,Grafschaft Bentheim,5515,Münster,grafschaft-bentheim,"(52.537509, 7.022393)","[0.9169525128461535, 0.12256387921900216]"
107,5515,"Münster, Stadt",5515,Münster,munster,"(51.9606649, 7.6261347)","[0.9068846840304501, 0.13310115971559]"
108,5554,Borken,5515,Münster,borken,"(51.8482714, 6.8594477)","[0.9049230473976099, 0.11971994723335223]"
109,5558,Coesfeld,5515,Münster,coesfeld,"(51.9382944, 7.1675831)","[0.9064942451501327, 0.12509792450530197]"
110,5566,Steinfurt,5515,Münster,steinfurt,"(52.1445658, 7.3334636)","[0.910094360232831, 0.12799308539515644]"
111,5570,Warendorf,5515,Münster,warendorf,"(51.9538685, 7.9908987)","[0.9067660644731675, 0.1394674925083346]"
112,3255,Holzminden,5711,Bielefeld/Paderborn,holzminden,"(51.8238111, 9.4558926)","[0.9044961346265843, 0.16503645958496715]"
113,5711,"Bielefeld, Stadt",5711,Bielefeld/Paderborn,bielefeld,"(52.0302285, 8.5324708)","[0.9080987978899905, 0.1489197087902746]"
115,5758,Herford,5711,Bielefeld/Paderborn,herford,"(52.1178305, 8.6793998)","[0.9096277412213225, 0.15148410360693734]"
117,5766,Lippe,5711,Bielefeld/Paderborn,lippe,"(51.975903, 8.986528)","[0.9071506390471983, 0.15684450192266097]"
119,5774,Paderborn,5711,Bielefeld/Paderborn,paderborn,"(51.7189205, 8.7575093)","[0.902665448302192, 0.15284737155902386]"
120,5966,Olpe,5970,Siegen,olpe,"(51.0282107, 7.8502943)","[0.8906102881164005, 0.13701348278554348]"
121,5970,Siegen-Wittgenstein,5970,Siegen,siegen-wittgenstein,"(50.932011, 8.221204)","[0.8889312866119697, 0.1434870782781279]"
122,7132,Altenkirchen (Westerwald),5970,Siegen,altenkirchen-westerwald,"(50.687222, 7.645556)","[0.8846589125893052, 0.1334401253456076]"
123,6411,"Darmstadt, Wissenschaftsstadt",6412,Frankfurt a.M.,darmstadt,"(49.8728253, 8.6511929)","[0.8704450087569288, 0.15099180033015655]"
124,6412,"Frankfurt am Main, Stadt",6412,Frankfurt a.M.,frankfurt-am-main,"(50.1109221, 8.6821267)","[0.8746005818553912, 0.15153169699030997]"
125,6413,"Offenbach am Main, Stadt",6412,Frankfurt a.M.,offenbach-am-main,"(50.0956362, 8.7760843)","[0.8743337925712606, 0.15317156646758182]"
126,6414,"Wiesbaden, Landeshauptstadt",6412,Frankfurt a.M.,wiesbaden,"(50.0782184, 8.2397608)","[0.8740297946128066, 0.143810955536762]"
127,6432,Darmstadt-Dieburg,6412,Frankfurt a.M.,darmstadt-dieburg,"(49.901055, 8.844496)","[0.870937709968779, 0.1543655758794684]"
128,6433,Groß-Gerau,6412,Frankfurt a.M.,gross-gerau,"(49.9203655, 8.4847038)","[0.8712747417739853, 0.14808601736647445]"
133,6438,Offenbach,6412,Frankfurt a.M.,offenbach,"(50.095636, 8.776084)","[0.874333789080602, 0.15317156123159406]"
136,6531,Gießen,6412,Frankfurt a.M.,giessen,"(50.5840512, 8.6784031)","[0.8828582424373886, 0.15146670791028272]"
138,6533,Limburg-Weilburg,6412,Frankfurt a.M.,limburg-weilburg,"(50.433368, 8.181545)","[0.8802283244699476, 0.14279489815007948]"
139,6534,Marburg-Biedenkopf,6412,Frankfurt a.M.,marburg-biedenkopf,"(50.811402, 8.725064)","[0.8868262624544319, 0.15228109424722652]"
141,6631,Fulda,6412,Frankfurt a.M.,fulda,"(50.5558095, 9.6808449)","[0.8823653317860283, 0.16896261787990122]"
142,7133,Bad Kreuznach,6412,Frankfurt a.M.,bad-kreuznach,"(49.8440162, 7.8731346)","[0.8699421951073925, 0.13741212122268676]"
143,7134,Birkenfeld,6412,Frankfurt a.M.,birkenfeld,"(49.6512438, 7.1631611)","[0.866577682020421, 0.12502074604577879]"
145,7315,"Mainz, kreisfreie Stadt",6412,Frankfurt a.M.,mainz,"(49.9928617, 8.2472526)","[0.8725400391591697, 0.14394171211366288]"
146,7331,Alzey-Worms,6412,Frankfurt a.M.,alzey-worms,"(49.77713, 8.095766)","[0.868774810693245, 0.14129777217101125]"
147,7339,Mainz-Bingen,6412,Frankfurt a.M.,mainz-bingen,"(49.923878, 8.060023)","[0.8713360464639617, 0.14067393913647092]"
148,9661,"Aschaffenburg, Stadt",6412,Frankfurt a.M.,aschaffenburg,"(49.9806625, 9.1355554)","[0.8723271229530604, 0.15944552072834758]"
149,9671,Aschaffenburg,6412,Frankfurt a.M.,aschaffenburg,"(49.9806625, 9.1355554)","[0.8723271229530604, 0.15944552072834758]"
150,9676,Miltenberg,6412,Frankfurt a.M.,miltenberg,"(49.7019294, 9.2559213)","[0.8674623126237697, 0.16154630199047385]"
151,6611,"Kassel, documenta-Stadt",6611,Kassel,kassel,"(51.3127114, 9.4797461)","[0.895575762055629, 0.16545278169809163]"
152,6632,Hersfeld-Rotenburg,6611,Kassel,hersfeld-rotenburg,"(50.898552, 9.739876)","[0.8883473168975449, 0.16999290493597524]"
153,6633,Kassel,6611,Kassel,kassel,"(51.3127114, 9.4797461)","[0.895575762055629, 0.16545278169809163]"
155,6635,Waldeck-Frankenberg,6611,Kassel,waldeck-frankenberg,"(51.222086, 8.854924)","[0.8939940504396922, 0.15454757881386638]"
157,7111,"Koblenz, kreisfreie Stadt",7111,Koblenz,koblenz,"(50.3569429, 7.5889959)","[0.8788944548437816, 0.13245296537535034]"
158,7135,Cochem-Zell,7111,Koblenz,cochem-zell,"(50.147418, 7.17018)","[0.8752375554738698, 0.12514324896064702]"
159,7137,Mayen-Koblenz,7111,Koblenz,mayen-koblenz,"(50.325312, 7.311091)","[0.8783423914934125, 0.12760260986292477]"
160,7138,Neuwied,7111,Koblenz,neuwied,"(50.4361866, 7.4664546)","[0.8802775183202443, 0.1303142162206762]"
163,7211,"Trier, Stadt",7211,Trier,trier,"(49.749992, 6.6371433)","[0.8683011632408387, 0.11584000351168176]"
164,7231,Bernkastel-Wittlich,7211,Trier,bernkastel-wittlich,"(49.930803, 7.004176)","[0.8714569105146622, 0.12224593258916636]"
166,7233,Vulkaneifel,7211,Trier,vulkaneifel,"(50.274593, 6.781063)","[0.8774571779500936, 0.11835187613516424]"
167,7235,Trier-Saarburg,7211,Trier,trier-saarburg,"(49.618665, 6.725129)","[0.8660090746940722, 0.11737564367135374]"
168,8111,"Stuttgart, Landeshauptstadt",8111,Stuttgart,stuttgart,"(48.7758459, 9.1829321)","[0.8512991064003769, 0.1602724001320772]"
170,8116,Esslingen,8111,Stuttgart,esslingen,"(49.9151898, 6.5278919)","[0.8711844087678898, 0.11393320686926843]"
172,8118,Ludwigsburg,8111,Stuttgart,ludwigsburg,"(48.8940624, 9.195464)","[0.8533623735555608, 0.16049112304860785]"
174,8121,"Heilbronn, Stadt",8111,Stuttgart,heilbronn,"(49.1426929, 9.210879)","[0.8577017944014405, 0.1607601655528028]"
175,8125,Heilbronn,8111,Stuttgart,heilbronn,"(49.1426929, 9.210879)","[0.8577017944014405, 0.1607601655528028]"
179,8135,Heidenheim,8111,Stuttgart,heidenheim,"(48.6893963, 10.1610948)","[0.8497902762433447, 0.17734455986727474]"
182,8231,"Pforzheim, Stadt",8111,Stuttgart,pforzheim,"(48.8921862, 8.6946286)","[0.8533296276881348, 0.15174989630806504]"
183,8235,Calw,8111,Stuttgart,calw,"(48.7122107, 8.7472439)","[0.8501884626402118, 0.15266820652998964]"
185,8237,Freudenstadt,8111,Stuttgart,freudenstadt,"(48.4644796, 8.4179988)","[0.8458647392856243, 0.14692179548893164]"
186,8415,Reutlingen,8111,Stuttgart,reutlingen,"(48.5069389, 9.2038043)","[0.8466057938687165, 0.16063668874421194]"
189,8211,"Baden-Baden, Stadt",8212,Karlsruhe,baden-baden,"(48.76564, 8.2285242)","[0.8511209798422475, 0.1436148398700324]"
190,8212,"Karlsruhe, Stadt",8212,Karlsruhe,karlsruhe,"(49.0068901, 8.4036527)","[0.8553315884080132, 0.14667140880911128]"
191,8215,Karlsruhe,8212,Karlsruhe,karlsruhe,"(49.0068901, 8.4036527)","[0.8553315884080132, 0.14667140880911128]"
192,8216,Rastatt,8212,Karlsruhe,rastatt,"(48.8591174, 8.2059096)","[0.8527524682484513, 0.14322014064101088]"
193,6431,Bergstraße,8222,Mannheim,bergstrasse,"(49.556343, 8.669865)","[0.8649213505976443, 0.15131768995341818]"
194,7311,"Frankenthal (Pfalz), kr.f. St.",8222,Mannheim,frankenthal-pfalz,"(49.533333, 8.35)","[0.8645197503367604, 0.1457349925415265]"
195,7313,"Landau in der Pfalz, kr.f. St.",8222,Mannheim,landau-in-der-pfalz,"(49.198886, 8.1185622)","[0.858682549013343, 0.14169564091795436]"
196,7314,"Ludwigshafen am Rhein, Stadt",8222,Mannheim,ludwigshafen-am-rhein,"(49.47741, 8.44518)","[0.8635437098591676, 0.14739619692357472]"
197,7316,"Neustadt an der Weinstraße,St.",8222,Mannheim,neustadt-an-der-weinstrasse,"(49.3501864, 8.1486886)","[0.8613232391529273, 0.1422214457897272]"
198,7318,"Speyer, kreisfreie Stadt",8222,Mannheim,speyer,"(49.3172765, 8.4412172)","[0.8607488530414252, 0.1473270330159767]"
199,7319,"Worms, kreisfreie Stadt",8222,Mannheim,worms,"(49.6341372, 8.3507182)","[0.8662791155265992, 0.14574752749621434]"
202,7334,Germersheim,8222,Mannheim,germersheim,"(49.2140244, 8.3668146)","[0.8589467639368268, 0.14602846267393235]"
205,8221,"Heidelberg, Stadt",8222,Mannheim,heidelberg,"(49.3987524, 8.6724335)","[0.8621708757574509, 0.15136251873525566]"
206,8222,"Mannheim, Universitätsstadt",8222,Mannheim,mannheim,"(49.4874592, 8.4660395)","[0.8637191014863591, 0.1477602638788945]"
208,8311,"Freiburg im Breisgau, Stadt",8311,Freiburg i.Br.,freiburg-im-breisgau,"(47.9990077, 7.8421043)","[0.8377407220551106, 0.13687054031980514]"
209,8315,Breisgau-Hochschwarzwald,8311,Freiburg i.Br.,breisgau-hochschwarzwald,"(47.945383, 7.843269)","[0.8368047944797165, 0.13689086816960314]"
210,8316,Emmendingen,8311,Freiburg i.Br.,emmendingen,"(48.1170918, 7.8539047)","[0.8398016783943648, 0.1370764961528575]"
212,8325,Rottweil,8326,Villingen-Schwenningen,rottweil,"(48.1610687, 8.6316219)","[0.8405692200941852, 0.15065022194224875]"
214,8327,Tuttlingen,8326,Villingen-Schwenningen,tuttlingen,"(47.9823316, 8.8192095)","[0.8374496692037189, 0.15392424319816284]"
215,8335,Konstanz,8335,Konstanz,konstanz,"(47.6779496, 9.1732384)","[0.8321372011199134, 0.16010321315037662]"
217,8337,Waldshut,8336,Lörrach,waldshut,"(47.632725, 8.271915)","[0.831347882947016, 0.14437215219510674]"
218,8421,"Ulm, Universitätsstadt",8421,Ulm,ulm,"(48.4010822, 9.9876076)","[0.8447582459184205, 0.17431663701720881]"
220,8426,Biberach,8421,Ulm,biberach,"(48.0951473, 9.7901525)","[0.839418674616661, 0.17087039539735416]"
221,8437,Sigmaringen,8421,Ulm,sigmaringen,"(48.0912921, 9.2286121)","[0.839351388683338, 0.16106966653438817]"
222,9775,Neu-Ulm,8421,Ulm,neu-ulm,"(48.3906042, 10.0060398)","[0.8445753703193966, 0.1746383395955949]"
224,8436,Ravensburg,8436,Ravensburg,ravensburg,"(47.7782704, 9.6121303)","[0.8338881293881482, 0.1677633218657103]"
225,9776,Lindau (Bodensee),8436,Ravensburg,lindau-bodensee,"(47.5797815, 9.6789333)","[0.8304238445544865, 0.16892925416592008]"
226,9161,"Ingolstadt, Stadt",9162,München,ingolstadt,"(48.7665351, 11.4257541)","[0.8511366022843821, 0.19941702856824145]"
227,9162,"München, Landeshauptstadt",9162,München,munchen,"(48.148422, 11.526635)","[0.8403484935396731, 0.2011777324256166]"
228,9163,"Rosenheim, Stadt",9162,München,rosenheim,"(47.8571272, 12.1181047)","[0.8352644401857349, 0.2115008261163997]"
230,9172,Berchtesgadener Land,9162,München,berchtesgadener-land,"(47.730296, 12.881633)","[0.8330508181514794, 0.22482690888355472]"
232,9174,Dachau,9162,München,dachau,"(48.2629984, 11.4339022)","[0.8423482289647553, 0.1995592397410232]"
233,9175,Ebersberg,9162,München,ebersberg,"(48.0780006, 11.9669667)","[0.8391194082458093, 0.20886297039152052]"
235,9177,Erding,9162,München,erding,"(48.3114648, 11.9188758)","[0.8431941272213439, 0.20802362584627318]"
236,9178,Freising,9162,München,freising,"(48.4028796, 11.7411846)","[0.8447896164663959, 0.20492232935445343]"
238,9180,Garmisch-Partenkirchen,9162,München,garmisch-partenkirchen,"(47.4916945, 11.0954984)","[0.8288864363762821, 0.1936529792297628]"
239,9181,Landsberg am Lech,9162,München,landsberg-am-lech,"(48.050783, 10.8703515)","[0.8386443715113185, 0.18972342452410437]"
240,9182,Miesbach,9162,München,miesbach,"(47.7899777, 11.8332675)","[0.8340924603196669, 0.2065294791442381]"
242,9184,München,9162,München,munchen,"(48.148422, 11.526635)","[0.8403484935396731, 0.2011777324256166]"
243,9185,Neuburg-Schrobenhausen,9162,München,neuburg-schrobenhausen,"(48.698666, 11.19357)","[0.8499520630290169, 0.19536465155246166]"
245,9187,Rosenheim,9162,München,rosenheim,"(47.8571272, 12.1181047)","[0.8352644401857349, 0.2115008261163997]"
246,9188,Starnberg,9162,München,starnberg,"(47.9999615, 11.3390089)","[0.8377573690055161, 0.19790303921794045]"
247,9189,Traunstein,9162,München,traunstein,"(47.8677574, 12.6384037)","[0.8354499721758804, 0.22058175676123365]"
248,9190,Weilheim-Schongau,9162,München,weilheim-schongau,"(47.825183, 11.057666)","[0.8347069087188193, 0.19299267928583128]"
249,9261,"Landshut, Stadt",9162,München,landshut,"(48.5441917, 12.1468532)","[0.8472559778843034, 0.2120025820964093]"
250,9273,Kelheim,9162,München,kelheim,"(48.9184118, 11.886563)","[0.8537873507564459, 0.20745966109573474]"
251,9274,Landshut,9162,München,landshut,"(48.5441917, 12.1468532)","[0.8472559778843034, 0.2120025820964093]"
252,9277,Rottal-Inn,9162,München,rottal-inn,"(48.390995, 12.945145)","[0.8445821910661133, 0.22593540239808135]"
253,9279,Dingolfing-Landau,9162,München,dingolfing-landau,"(48.636725, 12.567075)","[0.848870988637039, 0.2193368360950664]"
254,9761,"Augsburg, Stadt",9162,München,augsburg,"(48.3705449, 10.89779)","[0.8442252694887513, 0.19020231669091286]"
255,9762,"Kaufbeuren, Stadt",9162,München,kaufbeuren,"(47.8830175, 10.625966)","[0.835716311165064, 0.18545809290497178]"
257,9764,"Memmingen, Stadt",9162,München,memmingen,"(47.9837999, 10.1801883)","[0.8374752958731259, 0.17767780430800423]"
258,9771,Aichach-Friedberg,9162,München,aichach-friedberg,"(48.386614, 11.069823)","[0.8445057281915835, 0.19320485896299625]"
259,9772,Augsburg,9162,München,augsburg,"(48.3705449, 10.89779)","[0.8442252694887513, 0.19020231669091286]"
264,9779,Donau-Ries,9162,München,donau-ries,"(48.826135, 10.712556)","[0.8521768167732415, 0.18696937350427364]"
266,9262,"Passau, Stadt",9262,Passau,passau,"(48.5667364, 13.4319466)","[0.8476494571281779, 0.23443169312205778]"
267,9271,Deggendorf,9262,Passau,deggendorf,"(48.8408515, 12.9574787)","[0.8524336681526112, 0.22615066607203457]"
268,9272,Freyung-Grafenau,9262,Passau,freyung-grafenau,"(48.805615, 13.582951)","[0.8518186752107324, 0.2370672170870563]"
269,9275,Passau,9262,Passau,passau,"(48.5667364, 13.4319466)","[0.8476494571281779, 0.23443169312205778]"
270,9276,Regen,9262,Passau,regen,"(48.9771815, 13.1283598)","[0.8548130755218551, 0.22913310389646427]"
271,9263,"Straubing, Stadt",9362,Regensburg,straubing,"(48.8777333, 12.5801538)","[0.8530773769966734, 0.2195651042172762]"
272,9278,Straubing-Bogen,9362,Regensburg,straubing-bogen,"(48.95949, 12.602987)","[0.8545043005972386, 0.21996361873604262]"
273,9362,"Regensburg, Stadt",9362,Regensburg,regensburg,"(49.0134297, 12.1016236)","[0.8554457259597766, 0.21121317665704925]"
274,9372,Cham,9362,Regensburg,cham,"(49.2238643, 12.6620845)","[0.8591185025898939, 0.22099506469073996]"
275,9375,Regensburg,9362,Regensburg,regensburg,"(49.0134297, 12.1016236)","[0.8554457259597766, 0.21121317665704925]"
276,9376,Schwandorf,9362,Regensburg,schwandorf,"(49.3198883, 12.1091352)","[0.8607944375508289, 0.21134427880914208]"
279,9462,"Bayreuth, Stadt",9462,Bayreuth,bayreuth,"(49.9456399, 11.5713346)","[0.8717158632704515, 0.20195788761994105]"
280,9472,Bayreuth,9462,Bayreuth,bayreuth,"(49.9456399, 11.5713346)","[0.8717158632704515, 0.20195788761994105]"
281,9477,Kulmbach,9462,Bayreuth,kulmbach,"(50.1039282, 11.4448178)","[0.8744785152728359, 0.19974975290085387]"
282,9463,"Coburg, Stadt",9463,Coburg,coburg,"(50.2612094, 10.962695)","[0.8772235900643236, 0.19133512264191976]"
283,9473,Coburg,9463,Coburg,coburg,"(50.2612094, 10.962695)","[0.8772235900643236, 0.19133512264191976]"
284,9476,Kronach,9463,Coburg,kronach,"(50.2359898, 11.3310482)","[0.8767834250082877, 0.19776409879217693]"
285,9478,Lichtenfels,9463,Coburg,lichtenfels,"(50.1432937, 11.0630387)","[0.8751655728595298, 0.1930864505905532]"
286,16072,Sonneberg,9463,Coburg,sonneberg,"(50.3601821, 11.1709899)","[0.8789509895489123, 0.1949705544620321]"
287,9464,"Hof, Stadt",9464,Hof,hof,"(50.3135391, 11.9127814)","[0.8781369156259046, 0.20791725850033962]"
288,9475,Hof,9464,Hof,hof,"(50.3135391, 11.9127814)","[0.8781369156259046, 0.20791725850033962]"
289,9377,Tirschenreuth,9479,Wunsiedel i.F.,tirschenreuth,"(49.8817161, 12.3303441)","[0.870600182490065, 0.21520510244885693]"
291,9361,"Amberg, Stadt",9564,Nürnberg,amberg,"(49.4403198, 11.8633445)","[0.8628963637489444, 0.20705442182336045]"
292,9371,Amberg-Sulzbach,9564,Nürnberg,amberg-sulzbach,"(49.464264, 11.723378)","[0.8633142688757004, 0.2046115455558678]"
294,9461,"Bamberg, Stadt",9564,Nürnberg,bamberg,"(49.8988135, 10.9027636)","[0.8708985884135956, 0.19028912238659004]"
295,9471,Bamberg,9564,Nürnberg,bamberg,"(49.8988135, 10.9027636)","[0.8708985884135956, 0.19028912238659004]"
296,9474,Forchheim,9564,Nürnberg,forchheim,"(49.7213064, 11.0698834)","[0.8678005050729287, 0.19320591314186447]"
297,9561,"Ansbach, Stadt",9564,Nürnberg,ansbach,"(49.3004246, 10.5719357)","[0.8604547319012085, 0.18451508627413146]"
298,9562,"Erlangen, Stadt",9564,Nürnberg,erlangen,"(49.5896744, 11.0119611)","[0.8655030932719435, 0.19219497829653656]"
299,9563,"Fürth, Stadt",9564,Nürnberg,furth,"(49.4771169, 10.988667)","[0.8635385942991299, 0.19178841955524772]"
301,9565,"Schwabach, Stadt",9564,Nürnberg,schwabach,"(49.3284557, 11.0247098)","[0.8609439668891642, 0.19241748508688555]"
302,9571,Ansbach,9564,Nürnberg,ansbach,"(49.3004246, 10.5719357)","[0.8604547319012085, 0.18451508627413146]"
304,9573,Fürth,9564,Nürnberg,furth,"(49.4771169, 10.988667)","[0.8635385942991299, 0.19178841955524772]"
307,9576,Roth,9564,Nürnberg,roth,"(40.7669508, -97.0778124)","[0.7115175174585363, -1.6943274570133784]"
308,9577,Weißenburg-Gunzenhausen,9564,Nürnberg,weissenburg-gunzenhausen,"(49.052484, 10.90624)","[0.8561273520818382, 0.19034979701270638]"
309,9662,"Schweinfurt, Stadt",9662,Schweinfurt,schweinfurt,"(50.0492047, 10.2194228)","[0.8735234100196207, 0.17836257551337797]"
310,9672,Bad Kissingen,9662,Schweinfurt,bad-kissingen,"(50.2007337, 10.080392)","[0.8761680899818753, 0.17593603029169624]"
312,9674,Haßberge,9662,Schweinfurt,hassberge,"(50.111058, 10.609358)","[0.8746029537578446, 0.18516822862280058]"
313,9678,Schweinfurt,9662,Schweinfurt,schweinfurt,"(50.0492047, 10.2194228)","[0.8735234100196207, 0.17836257551337797]"
315,9675,Kitzingen,9663,Würzburg,kitzingen,"(49.7340805, 10.1473777)","[0.8680234551769077, 0.1771051513084494]"
316,9677,Main-Spessart,9663,Würzburg,main-spessart,"(49.988615, 9.64155)","[0.8724659202618252, 0.1682767924956593]"
318,7312,"Kaiserslautern, kreisfr. Stadt",10041,Saarbrücken,kaiserslautern,"(49.4400657, 7.7491265)","[0.862891928867315, 0.13524777157854437]"
319,7317,"Pirmasens, kreisfreie Stadt",10041,Saarbrücken,pirmasens,"(49.201555, 7.6002161)","[0.8587291318510787, 0.13264879480808262]"
321,7335,Kaiserslautern,10041,Saarbrücken,kaiserslautern,"(49.4400657, 7.7491265)","[0.862891928867315, 0.13524777157854437]"
322,7336,Kusel,10041,Saarbrücken,kusel,"(52.2278506, 12.0743027)","[0.9115479542096959, 0.21073633699744115]"
325,10042,Merzig-Wadern,10041,Saarbrücken,merzig-wadern,"(49.45724, 6.686688)","[0.8631916769490403, 0.11670472165359459]"
326,10043,Neunkirchen,10041,Saarbrücken,neunkirchen,"(49.3518048, 7.186363)","[0.8613514855615416, 0.12542569559349726]"
327,10044,Saarlouis,10041,Saarbrücken,saarlouis,"(49.3134606, 6.7522865)","[0.8606822530224983, 0.1178496314629641]"
330,11000,"Berlin, Stadt",11000,Berlin,berlin,"(52.520007, 13.404954)","[0.9166470453204695, 0.23396058337838396]"
331,12051,"Brandenburg an der Havel, St.",11000,Berlin,brandenburg-an-der-havel,"(52.4125287, 12.5316444)","[0.9147711951110233, 0.21871845546910929]"
332,12053,"Frankfurt (Oder), Stadt",11000,Berlin,frankfurt-oder,"(52.3472237, 14.5505673)","[0.9136314078430084, 0.2539553074180215]"
333,12054,"Potsdam, Stadt",11000,Berlin,potsdam,"(52.390569, 13.064473)","[0.9143879260432731, 0.22801806888790113]"
334,12060,Barnim,11000,Berlin,barnim,"(52.857445, 13.69983)","[0.9225364494418141, 0.23910714046349477]"
335,12061,Dahme-Spreewald,11000,Berlin,dahme-spreewald,"(52.016313, 13.832727)","[0.9078559265979291, 0.24142663067951767]"
336,12063,Havelland,11000,Berlin,havelland,"(52.597902, 12.520413)","[0.9180065695413104, 0.2185224305595008]"
338,12065,Oberhavel,11000,Berlin,oberhavel,"(52.912064, 13.22567)","[0.923489730825961, 0.23083148728223843]"
339,12067,Oder-Spree,11000,Berlin,oder-spree,"(52.280526, 14.154199)","[0.912467313374501, 0.2470373755324889]"
340,12068,Ostprignitz-Ruppin,11000,Berlin,ostprignitz-ruppin,"(52.964537, 12.752672)","[0.9244055574443599, 0.22257611482689033]"
341,12069,Potsdam-Mittelmark,11000,Berlin,potsdam-mittelmark,"(52.252398, 12.908412)","[0.9119763871625, 0.2252942906039463]"
342,12070,Prignitz,11000,Berlin,prignitz,"(53.039255, 12.045548)","[0.9257096325548649, 0.21023447280701793]"
344,12073,Uckermark,11000,Berlin,uckermark,"(53.187994, 13.868591)","[0.928305617830989, 0.2420525755624529]"
346,13075,Vorpommern-Greifswald,13075,Greifswald/Stralsund,vorpommern-greifswald,"(54.097154, 13.379559)","[0.9441734532584206, 0.23351735701484]"
347,13071,Mecklenburgische Seenplatte,13071,Mecklenburgische Seenplatte,mecklenburgische-seenplatte,"(53.275017, 12.663117)","[0.9298244557059518, 0.22101308521526677]"
348,13003,"Rostock, Stadt",13003,Rostock,rostock,"(54.092441, 12.099147)","[0.9440911958907741, 0.21116995183279436]"
349,13072,Rostock,13003,Rostock,rostock,"(54.092441, 12.099147)","[0.9440911958907741, 0.21116995183279436]"
350,14511,"Chemnitz, Stadt",14511,Chemnitz,chemnitz,"(50.827845, 12.9213697)","[0.8871132469433373, 0.22552044513243194]"
352,14522,Mittelsachsen,14511,Chemnitz,mittelsachsen,"(50.990098, 13.088051)","[0.8899450960145756, 0.22842958261893637]"
354,14524,Zwickau,14511,Chemnitz,zwickau,"(50.7102169, 12.4733725)","[0.8850602493054721, 0.2177014189527164]"
355,12052,"Cottbus, Stadt",14612,Dresden,cottbus,"(51.7563108, 14.3328679)","[0.9033180321455004, 0.25015573610840536]"
356,12062,Elbe-Elster,14612,Dresden,elbe-elster,"(51.684066, 13.362772)","[0.9020571225180556, 0.2332243685933077]"
357,12066,Oberspreewald-Lausitz,14612,Dresden,oberspreewald-lausitz,"(51.569088, 13.971679)","[0.9000503778506975, 0.24385180058174882]"
358,12071,Spree-Neiße,14612,Dresden,spree-neisse,"(51.754541, 14.558696)","[0.9032871433083987, 0.2540971799969284]"
359,14612,"Dresden, Stadt",14612,Dresden,dresden,"(51.0504088, 13.7372621)","[0.8909977180490873, 0.23976045385443054]"
360,14625,Bautzen,14612,Dresden,bautzen,"(51.182293, 14.4237749)","[0.8932995315704462, 0.25174236257151583]"
362,14627,Meißen,14612,Dresden,meissen,"(51.1617842, 13.4976592)","[0.8929415854848131, 0.2355785943521038]"
364,14713,"Leipzig, Stadt",14713,Leipzig,leipzig,"(51.3396955, 12.3730747)","[0.8960467234463164, 0.21595089211020962]"
365,14729,Leipzig,14713,Leipzig,leipzig,"(51.3396955, 12.3730747)","[0.8960467234463164, 0.21595089211020962]"
366,14730,Nordsachsen,14713,Leipzig,nordsachsen,"(51.538597, 12.754174)","[0.899518209508472, 0.22260232967225527]"
367,15001,"Dessau-Roßlau, Stadt",14713,Leipzig,dessau-rosslau,"(51.8428278, 12.2303935)","[0.9048280386544484, 0.2134606353895131]"
368,15002,"Halle (Saale), Stadt",14713,Leipzig,halle-saale,"(51.4969802, 11.9688029)","[0.898791859324328, 0.20889501812724562]"
369,15082,Anhalt-Bitterfeld,14713,Leipzig,anhalt-bitterfeld,"(51.78662, 12.035572)","[0.9038470274791458, 0.21006035876083898]"
372,15088,Saalekreis,14713,Leipzig,saalekreis,"(51.37795, 11.857969)","[0.8967143904250207, 0.20696060164941948]"
373,15091,Wittenberg,14713,Leipzig,wittenberg,"(51.8739831, 12.6279659)","[0.9053718012188948, 0.220399582784569]"
374,16077,Altenburger Land,14713,Leipzig,altenburger-land,"(50.967, 12.317)","[0.8895419598639499, 0.21497220396814157]"
375,15003,"Magdeburg, Landeshauptstadt",15003,Magdeburg,magdeburg,"(52.1205333, 11.6276237)","[0.9096749139803454, 0.20294031774792537]"
378,15086,Jerichower Land,15003,Magdeburg,jerichower-land,"(52.185886, 11.912712)","[0.9108155337704136, 0.20791604724183876]"
380,15090,Stendal,15003,Magdeburg,stendal,"(52.6041444, 11.8517729)","[0.918115519974537, 0.20685245930363666]"
381,15085,Harz,15085,Harz,harz,"(51.809525, 10.238361)","[0.9042467951443152, 0.17869310945777914]"
382,16051,"Erfurt, Stadt",16051,Erfurt,erfurt,"(50.9847679, 11.0298799)","[0.8898520682201151, 0.1925077203545429]"
383,16052,"Gera, Stadt",16051,Erfurt,gera,"(50.8850706, 12.0807203)","[0.8881120220797665, 0.2108483452475171]"
384,16053,"Jena, Stadt",16051,Erfurt,jena,"(50.927054, 11.5892372)","[0.8888447706409482, 0.20227034693460857]"
385,16055,"Weimar, Stadt",16051,Erfurt,weimar,"(50.9794934, 11.3235439)","[0.8897600108287187, 0.19763312404911954]"
386,16056,"Eisenach, Stadt",16051,Erfurt,eisenach,"(50.9795715, 10.3146872)","[0.8897613739308644, 0.18002525295331484]"
390,16067,Gotha,16051,Erfurt,gotha,"(50.9469188, 10.7092884)","[0.8891914768061985, 0.1869123431256355]"
393,16071,Weimarer Land,16051,Erfurt,weimarer-land,"(51.016542, 11.445437)","[0.890406630881973, 0.19976055997958223]"
394,16073,Saalfeld-Rudolstadt,16051,Erfurt,saalfeld-rudolstadt,"(50.669498, 11.331119)","[0.8843495704326817, 0.19776533448528735]"
397,16076,Greiz,16051,Erfurt,greiz,"(50.6585555, 12.2077126)","[0.8841585877792822, 0.21306477900719753]"
398,16054,"Suhl, Stadt",16054,Suhl,suhl,"(50.6076846, 10.6881255)","[0.8832707230808294, 0.1865429808413652]"
399,16066,Schmalkalden-Meiningen,16054,Suhl,schmalkalden-meiningen,"(50.634349, 10.364903)","[0.8837361046538983, 0.18090168399983783]"
400,16069,Hildburghausen,16054,Suhl,hildburghausen,"(50.4263293, 10.7312097)","[0.8801054759798874, 0.18729494198695296]"
3,1004,"Neumünster, Stadt",2000,Hamburg,neumunster,"(54.0748, 9.982)","[0.9437833023574298, 0.17421876593407395]"
9,1057,Plön,2000,Hamburg,plon,"(54.1624, 10.4233)","[0.9453122107821768, 0.18192090392312493]"
31,3158,Wolfenbüttel,3101,Braunschweig/Wolfsburg,wolfenbuttel,"(52.1644, 10.541)","[0.91044053232733, 0.18397515645272228]"
33,3159,Göttingen,3159,Göttingen,gottingen,"(51.5344, 9.9323)","[0.8994449580397658, 0.1733513372958328]"
53,3404,"Osnabrück, Stadt",3404,Osnabrück,osnabruck,"(52.2726, 8.0498)","[0.9123289785779879, 0.14049551412703953]"
54,3459,Osnabrück,3404,Osnabrück,osnabruck,"(52.2726, 8.0498)","[0.9123289785779879, 0.14049551412703953]"
69,5116,"Mönchengladbach, Stadt",5113,Düsseldorf-Ruhr,monchengladbach,"(51.1854, 6.4417)","[0.8933537589503056, 0.11242887442571872]"
114,5754,Gütersloh,5711,Bielefeld/Paderborn,gutersloh,"(51.9069, 8.3785)","[0.9059463095034447, 0.14623241137834492]"
116,5762,Höxter,5711,Bielefeld/Paderborn,hoxter,"(51.775, 9.3816)","[0.9036442202200641, 0.16373980910510003]"
169,8115,Böblingen,8111,Stuttgart,boblingen,"(48.6821, 9.0117)","[0.8496629317851315, 0.15728383620197298]"
171,8117,Göppingen,8111,Stuttgart,goppingen,"(48.7035, 9.6521)","[0.8500364322450583, 0.1684609247317447]"
177,8127,Schwäbisch Hall,8111,Stuttgart,schwabisch-hall,"(49.1113, 9.7391)","[0.8571538849346911, 0.16997936118097975]"
187,8416,Tübingen,8111,Stuttgart,tubingen,"(48.5227, 9.0522)","[0.8468808769574525, 0.1579906945490307]"
200,7332,Bad Dürkheim,8222,Mannheim,bad-durkheim,"(49.4618, 8.1724)","[0.8632712639629312, 0.14263528778998458]"
216,8336,Lörrach,8336,Lörrach,lorrach,"(47.615, 7.6646)","[0.8310385233371, 0.13377250584835737]"
229,9171,Altötting,9162,München,altotting,"(48.2253, 12.6767)","[0.8416902677620214, 0.22125015328756517]"
234,9176,Eichstätt,9162,München,eichstatt,"(48.8885, 11.1968)","[0.8532652913612478, 0.19542102568730108]"
237,9179,Fürstenfeldbruck,9162,München,furstenfeldbruck,"(48.179, 11.2547)","[0.840882180318348, 0.1964315713242058]"
256,9763,"Kempten (Allgäu), Stadt",9162,München,kempten-allgau,"(47.7267, 10.3139)","[0.8329880561115777, 0.18001151372144317]"
261,9774,Günzburg,9162,München,gunzburg,"(48.456, 10.277)","[0.8457167423463724, 0.17936748722745724]"
314,9663,"Würzburg, Stadt",9663,Würzburg,wurzburg,"(49.7939, 9.9512)","[0.8690675024088045, 0.17368120452445973]"
317,9679,Würzburg,9663,Würzburg,wurzburg,"(49.7939, 9.9512)","[0.8690675024088045, 0.17368120452445973]"
320,7320,"Zweibrücken, kreisfreie Stadt",10041,Saarbrücken,zweibrucken,"(49.2469, 7.3698)","[0.8595205514003954, 0.12862727521347808]"
361,14626,Görlitz,14612,Dresden,gorlitz,"(51.1552, 14.9885)","[0.8928266695162033, 0.2615986749351701]"
391,16068,Sömmerda,16051,Erfurt,sommerda,"(51.1591, 11.1152)","[0.8928947373570311, 0.1939968370176737]"
