Stations_id,von_datum,bis_datum,geoCoords,AMR_Key,Stationsname,AMR_Kreis
11,19800901,20200930,"(47.9736, 8.5205)",8326,Donaueschingen_(Landeplatz),Villingen-schwenningen
44,19690101,20221030,"(52.9336, 8.237)",3403,Gro�enkneten,Oldenburg(o.)
52,19690101,20011231,"(53.6623, 10.199)",2000,Ahrensburg-Wulfsdorf,Hamburg
61,19750701,19780831,"(48.8443, 12.6171)",9362,Aiterhofen,Regensburg
70,19730601,19860930,"(48.2052, 9.0371)",8421,Albstadt-Ebingen,Ulm
71,19861101,20191231,"(48.2156, 8.9784)",8421,Albstadt-Badkap,Ulm
72,19780901,19950531,"(48.2766, 9.0001)",8421,Albstadt-Onstmettingen,Ulm
73,19590301,20221030,"(48.6159, 13.0506)",9262,Aldersbach-Kriestorf,Passau
78,19610101,20221030,"(52.4853, 7.9126)",3404,Alfhausen,Osnabruck
90,19880219,20221030,"(50.7557, 9.2583)",6412,Alsfeld,Frankfurt a.m.
91,19781101,20221030,"(50.7446, 9.345)",6412,Alsfeld-Eifa,Frankfurt a.m.
93,19771201,19781031,"(50.7691, 9.2542)",6611,Alsfeld-Reibertenrod,Kassel
106,19710101,20061201,"(51.7976, 10.4429)",3101,Altenau,Braunschweig/wolfsburg
125,19740301,20221030,"(47.8342, 10.8667)",9162,Altenstadt,Munchen
126,19791101,20101130,"(49.5447, 10.2213)",9663,Uffenheim_(Schulstr.),Wurzburg
129,19910101,20061231,"(53.6893, 13.242)",13075,Altentreptow,Greifswald/stralsund
132,19531211,19870930,"(49.7725, 12.3891)",9479,Altglash�tte,Wunsiedel i.f.
142,19550101,20221030,"(48.406, 11.3117)",9162,Altom�nster-Maisbrunn,Munchen
161,19801201,20221030,"(50.4237, 7.4202)",7111,Andernach,Koblenz
172,19690501,19911130,"(52.2486, 9.5056)",3241,Annaturm,Hannover
174,19840301,19871231,"(49.1886, 7.9766)",8222,Annweiler-Bindersbach,Mannheim
175,19520101,19760430,"(49.2964, 10.5751)",9564,Ansbach,Nurnberg
176,19760601,19951130,"(49.2475, 10.5826)",9564,Ansbach-Claffheim,Nurnberg
191,19860401,20221030,"(49.9694, 9.9114)",9663,Arnstein-M�desheim,Wurzburg
193,19680101,19971031,"(51.3845, 9.082)",6611,Arolsen-Neu_Berich,Kassel
197,19900801,20221030,"(51.3219, 9.0558)",6611,"Arolsen-Volkhardinghausen,_Bad",Kassel
198,19540101,20221030,"(51.3744, 11.292)",16051,Artern,Erfurt
211,19810901,19991231,"(50.58, 8.4685)",6412,A�lar_Klein-Altenst�dten,Frankfurt a.m.
221,19850801,19900531,"(48.5515, 11.7117)",9162,Au_i.d.Hallertau-G�nzenhausen,Munchen
222,19770101,20221030,"(50.5908, 12.7139)",14511,Aue,Chemnitz
243,19580901,20061231,"(53.4621, 7.467)",3403,Aurich,Oldenburg(o.)
268,19540101,20081231,"(48.5293, 8.2727)",8111,Baiersbronn-Obertal,Stuttgart
273,19861201,19900430,"(47.8413, 9.6606)",8436,Baindt,Ravensburg
288,19910101,19980831,"(53.8409, 13.7549)",13075,Bargischow-Gnevezin,Greifswald/stralsund
294,19920201,20221030,"(52.3199, 9.43)",3241,Barsinghausen-Hohenbostel,Hannover
321,19790101,19951031,"(47.6797, 12.0017)",9162,Bayrischzell,Munchen
327,19620901,19961031,"(53.6234, 8.8323)",4011,Bederkesa,Bremen
335,19761201,19771031,"(54.3426, 10.6018)",3403,Behrensdorf,Oldenburg(o.)
341,19680201,19930131,"(47.7277, 7.552)",8336,"Bellingen,_Bad",Lorrach
348,19891214,20110901,"(50.4135, 7.5886)",7111,Bendorf,Koblenz
365,19911001,20020930,"(49.3311, 11.4303)",9564,Berg/Oberpfalz,Nurnberg
368,19730101,20221030,"(52.8152, 9.9248)",3241,Bergen,Hannover
379,19540701,20221030,"(50.9075, 11.2665)",16051,"Berka,_Bad_(Flugplatz)",Erfurt
386,19730701,19861130,"(51.0454, 8.3851)",5970,"Berleburg,_Bad",Siegen
390,19861201,20221030,"(50.9837, 8.3683)",5970,"Berleburg,_Bad-St�nzel",Siegen
399,19750101,20150630,"(52.5198, 13.4057)",11000,Berlin-Alexanderplatz,Berlin
400,19610101,20221030,"(52.631, 13.5021)",11000,Berlin-Buch,Berlin
403,19500101,20221030,"(52.4537, 13.3017)",11000,Berlin-Dahlem_(FU),Berlin
407,19580101,19780331,"(52.6461, 13.2858)",11000,Berlin-Frohnau,Berlin
416,19820701,19960930,"(52.4069, 13.4127)",11000,Berlin-Lichtenrade,Berlin
422,19560101,19641231,"(52.5333, 13.3833)",11000,Berlin-Mitte,Berlin
424,19540101,19801231,"(52.5, 13.4667)",11000,Berlin-Ostkreuz,Berlin
425,19590101,19820630,"(52.4044, 13.4838)",11000,Berlin-Rudow,Berlin
427,19570101,20221030,"(52.3807, 13.5306)",11000,Berlin_Brandenburg,Berlin
429,19861001,19870131,"(52.5667, 13.1694)",11000,Berlin-Spandau,Berlin
430,19630101,20210505,"(52.5644, 13.3088)",11000,Berlin-Tegel,Berlin
432,19780401,19941231,"(52.6044, 13.2952)",11000,Berlin-Tegeler_Fliesstal,Berlin
435,19640101,20061231,"(52.4289, 13.2327)",11000,Berlin-Zehlendorf,Berlin
458,19750101,19880331,"(50.0699, 7.0306)",7111,"Bertrich,_Bad",Koblenz
474,19590101,19860930,"(48.1252, 9.7639)",8421,Warthausen-Birkenhard,Ulm
502,19670801,20061231,"(49.8747, 9.4883)",9663,Bischbrunn,Wurzburg
553,19540101,19741231,"(51.838, 6.6107)",5515,Bocholt_(Marienschule),Munster
570,19790101,19811231,"(49.0768, 13.0765)",9262,Bodenmais-Mais,Passau
576,19870801,20031231,"(48.6759, 8.9732)",8111,B�blingen,Stuttgart
588,19920501,19960731,"(51.752, 9.3953)",5711,Boffzen,Bielefeld/paderborn
601,19740101,20031031,"(50.6983, 7.0356)",5315,Bonn-Hardth�he,Koln
603,19860801,20221030,"(50.7293, 7.204)",5315,K�nigswinter-Heiderhof,Koln
604,19710101,20051031,"(47.8194, 8.3348)",8336,Bonndorf/Schwarzwald,Lorrach
606,19500101,19540731,"(48.079, 10.1977)",9162,Boos,Munchen
634,19800301,19910331,"(49.4442, 9.6458)",8111,Boxberg-Seehof,Stuttgart
635,19800501,19900930,"(49.45, 9.6333)",8111,Boxberg-Seehof_(West),Stuttgart
636,19811101,19910331,"(49.45, 9.65)",8111,Boxberg-Seehof_(Wind-3m),Stuttgart
642,19660101,20221030,"(53.3517, 8.4969)",3403,Brake,Oldenburg(o.)
648,19630501,20061231,"(53.8551, 9.7152)",2000,Brande-H�rnerkirchen,Hamburg
657,19550101,20031231,"(51.6634, 10.669)",3159,Braunlage-Hohegei�,Gottingen
662,19610101,20221030,"(52.2915, 10.4464)",3101,Braunschweig,Braunschweig/wolfsburg
675,19800701,19880229,"(48.0333, 7.6)",8311,Breisach-Eckartsberg,Freiburg i.br.
704,19790401,20221030,"(53.4451, 9.139)",4011,Bremerv�rde,Bremen
705,19850601,20061231,"(53.5312, 9.1664)",2000,Bremerv�rde-Niederochtenhausen,Hamburg
706,19690901,20041231,"(47.8858, 7.6611)",8311,Eschbach,Freiburg i.br.
710,19831101,20031231,"(49.0249, 8.699)",8111,Bretten,Stuttgart
727,19580101,19861231,"(49.7345, 8.9557)",6412,Brombachtal-Kirch-Brombach,Frankfurt a.m.
728,19810201,19861231,"(48.8171, 13.2176)",9262,Brotjacklriegel_(UBA),Passau
743,19750101,20010928,"(51.2, 6.1333)",5113,Br�ggen_(Flugplatz),Dusseldorf-ruhr
748,19660101,20080930,"(53.8887, 9.1411)",2000,Brunsb�ttel_(Schleuse),Hamburg
757,19901001,20221030,"(47.9625, 7.9983)",8311,Buchenbach,Freiburg i.br.
760,19760601,20221030,"(53.3629, 9.9435)",2000,Rosengarten-Klecken,Hamburg
766,19650101,20221030,"(50.1745, 7.0595)",7111,B�chel_(Flugplatz),Koblenz
769,19720101,20221030,"(52.2817, 9.089)",3241,B�ckeburg,Hannover
773,19860501,20041231,"(48.6743, 8.1799)",8212,B�hlertal-Obertal,Karlsruhe
781,19880101,19940331,"(51.6126, 8.619)",5711,B�hren-Ahden,Bielefeld/paderborn
788,19650101,20221030,"(54.1193, 8.8584)",2000,B�sum,Hamburg
793,19920101,19941031,"(49.662, 7.1098)",6412,Buhlenberg,Frankfurt a.m.
817,19521001,20221030,"(51.0306, 8.8146)",6611,Burgwald-Bottendorf,Kassel
829,19790701,19970831,"(50.396, 8.5465)",6412,Butzbach-Bodenrod,Frankfurt a.m.
833,19720501,20010430,"(50.6951, 13.4975)",14612,Neuhausen/Erzgeb.-Rauschenbach,Dresden
840,19891201,20221030,"(50.4313, 12.6114)",14511,Carlsfeld,Chemnitz
850,19740801,20221030,"(52.5959, 10.0296)",3241,Celle,Hannover
865,19600101,19710228,"(52.8441, 8.0624)",3403,Cloppenburg,Oldenburg(o.)
881,19500101,20031231,"(49.0985, 10.0979)",8111,Crailsheim-Alexandersreut,Stuttgart
888,19650101,19911216,"(50.8149, 12.3821)",14511,Crimmitschau,Chemnitz
909,19860101,19931130,"(54.0551, 10.2984)",2000,Damsdorf,Hamburg
918,19871001,19950731,"(49.8453, 8.624)",6412,Darmstadt_(A),Frankfurt a.m.
927,19851001,20001231,"(50.1957, 6.8279)",7211,Daun,Trier
931,19890801,20031231,"(47.8007, 9.4108)",8436,Deggenhausertal-Azenweiler,Ravensburg
950,19850101,19930228,"(51.95, 8.9)",5711,Detmold,Bielefeld/paderborn
953,19500801,20221030,"(49.7619, 7.0542)",6412,Deuselbach,Frankfurt a.m.
963,19520901,20221030,"(52.5881, 8.3424)",4011,Diepholz,Bremen
964,19520101,19621231,"(50.0832, 6.8904)",7211,Dierfeld,Trier
970,19850401,19990630,"(49.4158, 10.6734)",9564,Dietenhofen,Nurnberg
981,19820501,20011231,"(49.3531, 6.749)",10041,Dillingen_(Saar),Saarbrucken
991,19540901,20221030,"(50.9116, 13.7087)",14612,Dippoldiswalde-Reinberg,Dresden
1000,19910701,19970831,"(54.1442, 11.8454)",13003,"Doberan,_Bad-Heiligendamm",Rostock
1010,19870401,20080923,"(52.9732, 7.3209)",5515,D�rpen_(Kl�ranlage),Munster
1011,19901011,20221030,"(49.6017, 7.7413)",10041,D�rrmoschel-Felsbergerhof,Saarbrucken
1013,19800401,20221030,"(47.6026, 8.1697)",8336,Dogern,Lorrach
1032,19500101,19990930,"(51.512, 7.5345)",5113,Dortmund,Dusseldorf-ruhr
1066,19630101,19761231,"(51.504, 10.2613)",3159,Duderstadt,Gottingen
1072,19520101,20221030,"(49.4719, 8.1929)",8222,"D�rkheim,_Bad",Mannheim
1078,19520101,20221030,"(51.296, 6.7686)",5113,D�sseldorf,Dusseldorf-ruhr
1102,19871101,20021231,"(48.7201, 9.5328)",8111,Ebersbach/Fils,Stuttgart
1103,19780101,20221030,"(48.1003, 11.9872)",9162,Ebersberg-Halbing,Munchen
1107,19630101,20221030,"(49.852, 10.4991)",9663,Ebrach,Wurzburg
1126,19840401,19990130,"(49.96, 8.64)",6412,Egelsbach,Frankfurt a.m.
1130,19720401,20050131,"(54.6282, 9.3649)",2000,Eggebek,Hamburg
1146,19850701,19870731,"(48.6593, 8.9121)",8111,Ehningen,Stuttgart
1161,19550101,20221030,"(48.8777, 11.2349)",9162,Eichst�tt-Landershofen,Munchen
1163,19761101,20070224,"(54.2667, 8.85)",2000,Eidersperrwerk,Hamburg
1169,19760201,19990930,"(47.6288, 7.5959)",8336,Eimeldingen,Lorrach
1214,19871101,20221030,"(48.2012, 8.1088)",8311,Elzach-Fisnacht,Freiburg i.br.
1221,19500301,19741231,"(53.3707, 7.2236)",3403,Emden-Wolthusen,Oldenburg(o.)
1224,19751101,20221030,"(48.1378, 7.8351)",8311,Emmendingen-Mundingen,Freiburg i.br.
1239,19860801,20080922,"(47.8516, 8.7673)",8326,Engen/Hegau,Villingen-schwenningen
1243,19760101,19850930,"(48.4734, 9.3028)",8111,Eningen,Stuttgart
1261,19690101,19920731,"(48.3192, 11.944)",9162,Erding,Munchen
1262,19920517,20221030,"(48.3477, 11.8134)",9162,M�nchen-Flughafen,Munchen
1266,19640501,20221030,"(54.2992, 9.3162)",2000,Erfde,Hamburg
1275,19670401,19801231,"(48.3008, 13.1398)",9162,Ering,Munchen
1276,19800801,20021231,"(47.6358, 9.5392)",8436,Eriskirch-Mariabrunn,Ravensburg
1281,19820101,20010430,"(49.5653, 10.9729)",9564,Erlangen-Frauenaurach,Nurnberg
1287,19911201,20060831,"(49.8589, 9.2861)",6412,Eschau-Hobbach,Frankfurt a.m.
1292,19670101,20060430,"(49.7522, 11.8222)",9462,Eschenbach/Oberpfalz,Bayreuth
1299,19790901,19991031,"(53.6476, 7.6085)",3403,Esens,Oldenburg(o.)
1332,19660701,20221030,"(48.4832, 12.7241)",9162,"Falkenberg,Kr.Rottal-Inn",Munchen
1339,19710101,20221030,"(52.9157, 10.1885)",2000,Fa�berg,Hamburg
1347,19800201,19870131,"(47.8555, 8.1155)",8311,Feldberg-Altglash�tten,Freiburg i.br.
1359,19820101,19921126,"(50.0242, 11.2219)",9463,Fichtelberg/Ofr,Coburg
1372,19920101,20021031,"(47.4608, 10.2696)",9162,Fischen,Munchen
1378,19850701,20061231,"(54.8086, 9.4182)",2000,Flensburg,Hamburg
1379,19570101,20221030,"(54.7737, 9.3752)",2000,Flensburg_(Sch�ferhaus),Hamburg
1392,19871001,20061231,"(49.7316, 12.3489)",9479,Flossenb�rg,Wunsiedel i.f.
1403,19650401,19801031,"(50.0616, 9.455)",9663,Frammersbach,Wurzburg
1410,19540701,19970331,"(51.3512, 11.0958)",16051,"Frankenhausen/Kyffh�user,_Bad",Erfurt
1415,19760601,19881231,"(50.0333, 8.5333)",6412,Frankfurt_(07W),Frankfurt a.m.
1416,19840401,19871231,"(50.0167, 8.5333)",6412,Frankfurt_(18W),Frankfurt a.m.
1421,19611201,19840831,"(50.1474, 8.6746)",6412,Frankfurt/Main_(Stadt),Frankfurt a.m.
1422,19730801,19890430,"(50.0972, 8.6936)",6412,Frankfurt_(Henninger_Turm),Frankfurt a.m.
1423,19720501,19871231,"(50.0496, 8.5887)",6412,Frankfurt/Main_(Terminal),Frankfurt a.m.
1424,19851101,20221030,"(50.1269, 8.6694)",6412,Frankfurt/Main-Westend,Frankfurt a.m.
1440,19710501,20031231,"(48.2018, 7.9336)",8311,Freiamt-Ottoschwanden,Freiburg i.br.
1451,19701101,20221030,"(53.8277, 9.2493)",2000,Freiburg/Elbe,Hamburg
1481,19710101,19981231,"(47.9216, 8.2547)",8311,Friedenweiler,Freiburg i.br.
1492,19580101,20031231,"(47.7819, 7.7348)",8336,Malsburg-Marzell-Friedrichsheim,Lorrach
1493,19920701,19951231,"(50.4788, 11.0159)",9463,Friedrichsh�he,Coburg
1505,19750101,20071031,"(51.1333, 9.2833)",6611,Fritzlar-Kasseler_Warte,Kassel
1515,19690101,20030731,"(48.2, 11.2667)",9162,F�rstenfeldbruck,Munchen
1568,19580501,19821231,"(50.6549, 10.7743)",16054,Gehlberg-Schm�cke,Suhl
1572,19821201,20221030,"(50.9593, 6.0392)",5113,Geilenkirchen_(Flugplatz),Dusseldorf-ruhr
1586,19610701,19680430,"(47.8774, 12.6279)",9162,Traunstein-Gei�ing,Munchen
1590,19631001,20221030,"(51.4942, 6.2463)",5113,Geldern-Walbeck,Dusseldorf-ruhr
1602,19700101,20221030,"(48.433, 7.993)",8111,Ohlsbach,Stuttgart
1605,19530101,20221030,"(52.3875, 12.1602)",10041,Genthin,Saarbrucken
1612,19520101,20221030,"(50.8812, 12.1289)",16051,Gera-Leumnitz,Erfurt
1617,19520101,20071231,"(51.7259, 11.1317)",3159,Gernrode,Gottingen
1619,19560101,20051231,"(49.7622, 8.4887)",6412,Gernsheim,Frankfurt a.m.
1666,19710101,20221030,"(54.8273, 9.5058)",2000,Gl�cksburg-Meierwik,Hamburg
1672,19740101,19780630,"(51.6833, 6.1667)",5113,Goch,Dusseldorf-ruhr
1709,19520101,19901231,"(50.8496, 13.9392)",14612,"Gottleuba,_Bad",Dresden
1721,19910101,20221030,"(49.664, 11.2239)",9564,Gr�fenberg-Kasberg,Nurnberg
1766,19820101,20221030,"(52.1344, 7.6969)",5515,M�nster/Osnabr�ck,Munster
1803,19670101,20221030,"(54.0714, 12.3238)",13003,Gro�_L�sewitz,Rostock
1831,19830901,20040827,"(49.1129, 13.1365)",9262,Gro�er_Arber_(Ost),Passau
1832,19821101,20221030,"(49.1129, 13.1338)",9262,Gro�er_Arber,Passau
1844,19590101,19811231,"(47.9411, 11.9004)",9162,Feldkirchen-Westerham-Lenzm�hle,Munchen
1869,19730101,20221030,"(53.3154, 13.9339)",11000,Gr�now,Berlin
1873,19570501,19981231,"(51.7956, 10.238)",15085,"Grund,_Bad",Harz
1874,19800401,19921124,"(51.8, 10.2167)",15085,"Grund,_Bad_(Erzbergwerk)",Harz
1892,19750601,20131027,"(51.9298, 8.3005)",5711,G�tersloh_(Flugplatz),Bielefeld/paderborn
1902,19841101,20001231,"(49.1273, 10.7448)",9564,Gunzenhausen_(Altm�hlsee),Nurnberg
1920,19780601,20071231,"(51.4129, 7.4895)",5113,Hagen-Fley,Dusseldorf-ruhr
1922,19790101,19860228,"(51.3598, 7.4717)",5113,Hagen_(Stadtsparkasse),Dusseldorf-ruhr
1963,19690101,20221030,"(54.5742, 8.5133)",2000,Hallig_Hooge,Hamburg
1964,19520101,20221030,"(49.9445, 6.3821)",8111,Olsdorf,Stuttgart
1981,19620501,20221030,"(53.4777, 9.8957)",2000,Hamburg-Neuwiedenthal,Hamburg
1986,19780601,19880430,"(53.4699, 10.1804)",2000,Hamburg-Reitbrook,Hamburg
1987,19560101,20000229,"(53.5467, 9.9662)",2000,Hamburg-Sankt_Pauli,Hamburg
2005,19610101,19941231,"(52.7199, 10.5987)",3101,Hankensb�ttel,Braunschweig/wolfsburg
2053,19630101,19751231,"(51.6868, 10.8631)",3159,Hasselfelde,Gottingen
2055,19871113,20141228,"(50.0493, 10.4947)",9662,Ha�furt,Schweinfurt
2092,19520201,19901231,"(50.1691, 7.9949)",6412,Heidenrod-Mappershain,Frankfurt a.m.
2093,19690101,19820930,"(53.8562, 9.8227)",2000,Heidmoor,Hamburg
2110,19630101,20221030,"(51.0411, 6.1042)",5113,Heinsberg-Schleiden,Dusseldorf-ruhr
2115,19520501,20221030,"(54.175, 7.892)",4011,Helgoland,Bremen
2122,19700101,20020531,"(53.9701, 9.0095)",2000,"Helse,_Kr._Dithmarschen",Hamburg
2159,19780401,19850331,"(48.5915, 8.8541)",8111,Herrenberg,Stuttgart
2160,19810101,20001231,"(50.8444, 10.6904)",16051,Herrenhof,Erfurt
2173,19760101,20071231,"(51.589, 7.1548)",5113,Herten,Dusseldorf-ruhr
2174,19911001,20221030,"(51.6255, 10.3695)",15085,Herzberg,Harz
2206,19530301,20080229,"(52.1408, 9.8838)",3241,Hildesheim,Hannover
2207,19740301,19781231,"(52.1833, 9.95)",3241,Hildesheim_(Flugplatz),Hannover
2221,19800101,19991031,"(47.5408, 10.4371)",9162,Hindelang-Unterjoch,Munchen
2223,19600101,20011231,"(50.3674, 10.5687)",16054,Hindfeld,Suhl
2226,19600401,20020930,"(50.4707, 10.9106)",16054,Eisfeld-Waffenrod-Hinterrod,Suhl
2253,19831001,19960731,"(54.7667, 8.2833)",2000,H�rnum/Sylt,Hamburg
2289,19530701,19661231,"(52.6667, 12.3333)",11000,Hohennauen,Berlin
2297,19720601,19951130,"(54.1195, 9.7127)",2000,Hohenwestedt,Hamburg
2302,19910101,19921231,"(50.9632, 11.4847)",16051,Hohlstedt-K�tschau,Erfurt
2303,19690101,20221030,"(54.3162, 9.5385)",2000,Hohn,Hamburg
2306,19771101,20221030,"(54.3194, 10.6732)",3403,Hohwacht,Oldenburg(o.)
2319,19821201,20221030,"(47.8823, 11.6961)",9162,Holzkirchen,Munchen
2324,19750601,20080930,"(51.7659, 9.5447)",5711,Holzminden-Silberborn,Bielefeld/paderborn
2331,19700101,20021231,"(49.3278, 7.3533)",10041,Homburg/Saar,Saarbrucken
2338,19740601,20051223,"(52.3333, 7.55)",5515,Hopsten_(Flugplatz),Munster
2349,19530101,20221030,"(48.6136, 8.2033)",8212,Hornisgrinde,Karlsruhe
2352,19570101,19710831,"(47.6227, 8.0177)",8336,Hottingen,Lorrach
2362,19821001,20221030,"(50.5651, 7.4843)",7111,H�mmerich,Koblenz
2377,19810101,20221030,"(47.7001, 7.5895)",8336,Kandern-Gupf,Lorrach
2385,19740401,20221030,"(49.6927, 7.3263)",6412,Idar-Oberstein,Frankfurt a.m.
2388,19900601,20031231,"(48.0419, 7.6322)",8311,Ihringen,Freiburg i.br.
2406,19800701,20021130,"(49.2967, 9.652)",8111,Ingelfingen,Stuttgart
2410,19740101,20221030,"(48.7111, 11.5363)",9162,Ingolstadt_(Flugplatz),Munchen
2417,19590101,19771231,"(48.1644, 12.0307)",9162,Mittbach,Munchen
2429,19880301,20221030,"(53.9897, 9.5696)",2000,Itzehoe,Hamburg
2437,19710101,20221030,"(54.457, 9.5203)",2000,Schleswig-Jagel,Hamburg
2451,19910101,20010831,"(51.7954, 12.9583)",14713,Jessen/Elster,Leipzig
2465,19810501,19901231,"(53.5083, 9.7376)",2000,Jork-Moorende,Hamburg
2474,19760101,20081231,"(50.9104, 6.4093)",5334,J�lich_(Forsch.-Anlage),Aachen
2475,19670101,19801231,"(52.0, 13.1009)",11000,J�terbog,Berlin
2477,19700401,20081231,"(47.5938, 7.9597)",8336,Jungholz_(K�hmoos),Lorrach
2482,19781201,19800430,"(51.1806, 8.49)",6611,Kahler_Asten_(A),Kassel
2493,19800101,19940531,"(54.4333, 10.3667)",2000,Kalifornien,Hamburg
2521,19500101,19940331,"(48.6765, 11.2961)",9162,Karlshuld,Munchen
2536,19830901,19921231,"(51.3173, 9.4145)",6611,Kassel-Wilhelmsh�he_(A),Kassel
2542,19700501,20160331,"(47.8652, 10.6007)",9162,Kaufbeuren,Munchen
2543,19680101,20081231,"(48.0916, 10.8609)",9162,Kaufering,Munchen
2546,19881001,20031231,"(48.5576, 7.88)",8212,Kehl-Odelshofen,Karlsruhe
2559,19520101,20221030,"(47.7233, 10.3348)",9162,Kempten,Munchen
2564,19740101,20221030,"(54.3776, 10.1424)",2000,Kiel-Holtenau,Hamburg
2573,19870610,20221030,"(47.9588, 12.7717)",9162,Waging_am_See-Schn�bling,Munchen
2600,19821101,20221030,"(49.7363, 10.1781)",9663,Kitzingen,Wurzburg
2609,19740901,19810331,"(53.9587, 10.3293)",2000,Klein_R�nnau,Hamburg
2618,19580101,20221030,"(50.8458, 10.4803)",16051,Kleiner_Inselsberg,Erfurt
2621,19560101,19691231,"(52.4045, 13.2134)",11000,Kleinmachnow,Berlin
2656,19700701,19891231,"(50.3519, 7.5906)",7111,Koblenz,Koblenz
2667,19570701,20221030,"(50.8646, 7.1575)",5315,K�ln-Bonn,Koln
2689,19500101,19601231,"(53.2279, 9.6527)",2000,K�nigsmoor,Hamburg
2700,19610101,20221030,"(48.8302, 11.4872)",9162,K�sching,Munchen
2708,19910801,20221030,"(47.6652, 11.0805)",9162,"Kohlgrub,_Bad_(Rosshof)",Munchen
2712,19590701,20221030,"(47.6952, 9.1307)",8335,Konstanz,Konstanz
2717,19890601,20051231,"(51.2662, 8.8309)",6611,Korbach-Lengefeld,Kassel
2738,19710201,19980201,"(47.6448, 11.7438)",9162,Kreuth,Munchen
2757,19610101,19831231,"(47.9077, 7.702)",8311,"Krozingen,_Bad",Freiburg i.br.
2758,19800701,19900630,"(47.9585, 7.6578)",8311,"Krozingen,_Bad-Hausen",Freiburg i.br.
2770,19730701,19740831,"(53.9015, 10.2359)",2000,K�kels,Hamburg
2773,19740101,20221030,"(49.4283, 11.9016)",9564,K�mmersbruck,Nurnberg
2780,19600101,19820531,"(50.1003, 11.4494)",9462,Kulmbach,Bayreuth
2783,19660901,19920831,"(48.5126, 12.1513)",9162,Kumhausen,Munchen
2790,19700101,19810831,"(49.5592, 7.4134)",6412,Kusel-F�nfbirken,Frankfurt a.m.
2798,19750101,19980531,"(51.6, 6.15)",5113,Laarbruch,Dusseldorf-ruhr
2812,19500101,20221030,"(48.3647, 7.828)",8311,Lahr,Freiburg i.br.
2829,19690101,20180710,"(48.0772, 10.9144)",9162,Landsberg_(Flugplatz),Munchen
2830,19500101,19671231,"(48.0349, 10.8709)",9162,Landsberg/Lech,Munchen
2843,19900719,20151231,"(50.0075, 8.6547)",6412,Langen_(BZ),Frankfurt a.m.
2886,19700101,20221030,"(48.2175, 9.9097)",8421,Laupheim,Ulm
2889,19710101,19910930,"(51.6323, 10.4737)",15085,"Lauterberg,_Bad_(A)",Harz
2897,19900830,20221030,"(50.5808, 9.2857)",6412,Lautertal-H�rgenau,Frankfurt a.m.
2905,19690101,20221030,"(48.1849, 10.8507)",9162,Lechfeld,Munchen
2907,19741101,20221030,"(54.7903, 8.9514)",2000,Leck,Hamburg
2912,19560301,19741130,"(54.7419, 9.8791)",2000,Lehbek,Hamburg
2920,19780901,19970630,"(48.7654, 12.5121)",9362,Leiblfing,Regensburg
2923,19550101,19700531,"(47.9116, 10.6124)",9162,Leinau,Munchen
2925,19570101,20221030,"(51.3932, 10.3123)",3159,Leinefelde,Gottingen
2926,19710101,19891231,"(48.4333, 10.2333)",9162,Leipheim_(Flugplatz),Munchen
2931,19570801,19720430,"(51.392, 12.3962)",14713,Leipzig-Mockau,Leipzig
2947,19620401,20221030,"(51.1333, 8.0348)",5970,Lennestadt-Theten,Siegen
2950,19620401,20061231,"(54.219, 10.8844)",2000,Lensahn,Hamburg
2953,19610101,20221030,"(47.8597, 8.2308)",8336,Lenzkirch-Ruhb�hl,Lorrach
2954,19870401,20041228,"(47.8919, 8.1788)",8311,Lenzkirch-Saig,Freiburg i.br.
2985,19910101,20221030,"(50.9383, 14.2094)",14612,Lichtenhain-Mittelndorf,Dresden
3001,19650101,19900531,"(48.0674, 7.677)",8311,Liliental,Freiburg i.br.
3016,19700601,19880430,"(47.598, 9.8878)",8436,Lindenberg/Allg�u,Ravensburg
3017,19840701,20100430,"(49.68, 8.7823)",8222,Lindenfels,Mannheim
3018,19730401,20051231,"(49.7117, 8.7804)",8222,Lindenfels-Winterkasten,Mannheim
3031,19801201,20221030,"(51.6336, 8.3945)",5113,Lippstadt-B�kenf�rde,Dusseldorf-ruhr
3034,19520301,20221030,"(50.4505, 11.635)",9464,"Lobenstein,_Bad",Hof
3046,19800201,19910331,"(52.7333, 7.7333)",5515,L�ningen-Schnetlage,Munster
3082,19670101,19741231,"(51.9333, 13.8833)",11000,L�bben,Berlin
3083,19911001,20221030,"(51.9267, 13.8797)",11000,L�bben-Blumenfelde,Berlin
3085,19500301,19850228,"(53.8773, 10.6915)",2000,L�beck,Hamburg
3086,19850301,20221030,"(53.8025, 10.6989)",2000,L�beck-Blankensee,Hamburg
3093,19541201,20221030,"(52.9724, 11.1374)",2000,L�chow,Hamburg
3101,19500101,19950930,"(51.7694, 7.4128)",5113,L�dinghausen,Dusseldorf-ruhr
3113,19910101,19910731,"(50.7663, 10.7201)",16054,Luisenthal/Ohra,Suhl
3135,19550501,19830331,"(49.0643, 9.582)",8111,Mainhardt-Ziegelbronn,Stuttgart
3138,19790101,19890216,"(49.9798, 8.1668)",6412,Mainz-Finthen,Frankfurt a.m.
3139,19831101,20041231,"(48.2166, 11.2965)",9162,Maisach-Gernlinden,Munchen
3147,19530101,20221030,"(48.7548, 12.2118)",9162,Mallersdorf-Pfaffenberg-Oberlindhart,Munchen
3155,19611101,20221030,"(50.1015, 6.8009)",7211,Manderscheid-Sonnenhof,Trier
3158,19850101,20221030,"(52.5468, 14.5453)",11000,Manschnow,Berlin
3160,19520101,19801231,"(51.6084, 11.4139)",14713,Vatterode-Gr�fenstuhl,Leipzig
3166,19550801,20221030,"(50.6511, 13.1469)",14511,Marienberg,Chemnitz
3167,19621201,20221030,"(50.6621, 7.9603)",5970,"Marienberg,_Bad",Siegen
3204,19831101,20221030,"(50.7335, 10.8815)",16054,Martinroda,Suhl
3212,19610101,20021231,"(50.3249, 7.23)",7111,Mayen,Koblenz
3222,19610101,19781231,"(52.3411, 9.1403)",3241,Meerbeck,Hannover
3228,19790801,19970331,"(51.0976, 7.667)",5970,Meinerzhagen_(A),Siegen
3231,19790101,20221030,"(50.5611, 10.3771)",16054,Meiningen,Suhl
3234,19560601,20221030,"(51.1294, 13.4328)",14612,Garsebach_bei_Mei�en,Dresden
3236,19860701,20011231,"(52.2147, 8.3833)",5711,Melle,Bielefeld/paderborn
3244,19610101,20221030,"(47.9821, 10.1384)",9162,Memmingen,Munchen
3245,19690101,20021129,"(47.9833, 10.2333)",9162,Memmingen_(Flugplatz),Munchen
3246,19841101,20070614,"(50.3667, 7.3167)",7111,Mendig,Koblenz
3253,19610101,20061231,"(47.8309, 8.0698)",8311,Sankt_Blasien-Menzenschwand,Freiburg i.br.
3254,19730101,20221030,"(52.7155, 7.3176)",5515,Meppen,Munster
3256,19850101,19891031,"(48.0167, 7.6667)",8311,Merdingen,Freiburg i.br.
3265,19530101,19621231,"(49.922, 9.2872)",6412,Mespelbrunn,Frankfurt a.m.
3274,19921001,20111231,"(49.507, 6.5215)",10041,Mettlach-Orscholz_(Kurort),Saarbrucken
3284,19870101,20221030,"(49.6692, 9.0085)",6412,Michelstadt,Frankfurt a.m.
3287,19871001,20221030,"(49.7177, 9.0997)",6412,Michelstadt-Vielbrunn,Frankfurt a.m.
3289,19721001,20221030,"(50.7281, 11.7838)",16051,Schmieritz-Weltwitz,Erfurt
3291,19801101,20031231,"(49.712, 9.2258)",6412,Miltenberg,Frankfurt a.m.
3300,19740501,19930531,"(50.2285, 9.1064)",6412,Mittel-Gr�ndau,Frankfurt a.m.
3317,19750701,19840930,"(53.6128, 10.6943)",2000,M�lln,Hamburg
3348,19900701,20221030,"(51.7209, 9.8351)",3159,Moringen-Lutterbeck,Gottingen
3366,19530101,20221030,"(48.279, 12.5024)",9162,M�hldorf,Munchen
3369,19800101,20060315,"(53.6, 10.4833)",2000,M�hlenrade,Hamburg
3379,19540601,20221030,"(48.1632, 11.5429)",9162,M�nchen-Stadt,Munchen
3385,19550101,19990331,"(48.166, 11.5011)",9162,M�nchen-Nymphenburg,Munchen
3419,19621101,19891031,"(50.5852, 11.4928)",16051,Leutenberg-Steinsdorf,Erfurt
3478,19760701,20050816,"(53.5468, 13.1914)",13071,Neubrandenburg,Mecklenburgische seenplatte
3484,19730101,20221030,"(48.7085, 11.2147)",9162,Neuburg/Donau_(Flugplatz),Munchen
3485,19910601,20221030,"(48.3115, 10.3773)",9162,Neuburg/Kammel-Langenhaslach,Munchen
3493,19800701,19900731,"(47.8333, 7.5833)",8311,Neuenburg-Zinken,Freiburg i.br.
3513,19550101,20221030,"(50.5003, 11.1345)",9463,Neuhaus_am_Rennweg,Coburg
3518,19710101,19931231,"(47.976, 8.9101)",8326,Neuhausen_ob_Eck,Villingen-schwenningen
3534,19810301,20221030,"(49.2713, 11.4881)",9564,Neumarkt-H�henberg,Nurnberg
3540,19920901,20221030,"(50.8446, 7.372)",5315,Neunkirchen-Seelscheid-Krawinkel,Koln
3541,19620801,19920229,"(50.8956, 7.3081)",5315,Neunkirchen-Seelscheid-Meisenbach,Koln
3542,19751101,19950531,"(49.35, 7.1667)",10041,Neunkirchen/Saar,Saarbrucken
3545,19700101,20221030,"(49.344, 7.2297)",10041,Neunkirchen-Wellesweiler,Saarbrucken
3552,19610101,20190408,"(52.9037, 12.8071)",11000,Neuruppin,Berlin
3576,19760101,20021031,"(49.3478, 8.1822)",8222,Neustadt/Weinstra�e_(Heidehof),Mannheim
3578,19811001,20061231,"(48.9831, 12.1444)",9362,Regensburg-Burgweinting,Regensburg
3590,19610101,20050930,"(50.2335, 8.8923)",6412,Nidderau-Windecken,Frankfurt a.m.
3595,19660501,20030630,"(50.4107, 7.808)",7111,Niederelbert,Koblenz
3623,19690101,20221030,"(50.8294, 6.6601)",5334,N�rvenich_(Flugplatz),Aachen
3639,19740101,20221030,"(53.7647, 8.6584)",4011,Nordholz_(Flugplatz),Bremen
3651,19920402,20221030,"(51.7521, 9.945)",3159,Northeim-St�ckheim,Gottingen
3657,19830601,20150831,"(50.9081, 7.5543)",5970,N�mbrecht_auf_dem_Lindchen,Siegen
3658,19800701,20050131,"(50.9095, 7.5725)",5970,N�mbrecht-Distelkamp,Siegen
3661,19600101,19780331,"(49.45, 11.0667)",9564,N�rnberg_(Hochhaus),Nurnberg
3667,19750101,20221030,"(49.4258, 11.2539)",9564,N�rnberg-Netzstall,Nurnberg
3671,19550101,19910331,"(48.6321, 9.3261)",8111,N�rtingen,Stuttgart
3694,19500601,19811217,"(50.7005, 10.7256)",16054,Oberhof,Suhl
3702,19720101,20061231,"(47.878, 7.8288)",8311,M�nstertal-Oberm�nstertal,Freiburg i.br.
3705,19820701,20041231,"(48.3147, 8.5735)",8326,Oberndorf/Neckar-Aistaig,Villingen-schwenningen
3722,19760401,20111119,"(48.2443, 11.5528)",9162,Oberschlei�heim,Munchen
3727,19831001,20010930,"(47.5619, 10.0313)",8436,Oberstaufen-Kalzhofen,Ravensburg
3744,19711201,19750630,"(51.6018, 9.5383)",5711,Oberweser-Gieselwerder,Bielefeld/paderborn
3751,19880601,19971231,"(48.0449, 9.8822)",8421,Ochsenhausen-Mittelbuch,Ulm
3752,19590901,19820930,"(50.03, 11.8074)",9462,Ochsenkopf,Bayreuth
3753,19640101,19930331,"(52.2042, 7.1784)",5515,Ochtrup,Munster
3775,19780101,19981216,"(50.1029, 8.7468)",6412,Offenbach/Main_(Zentrallabor),Frankfurt a.m.
3776,19571101,19951031,"(50.0946, 8.7546)",6412,Offenbach/M._(Stadt),Frankfurt a.m.
3777,19580101,20031231,"(48.4593, 7.9255)",8111,Offenburg,Stuttgart
3788,19600601,19851231,"(50.8646, 14.7628)",14612,Olbersdorf,Dresden
3791,19690101,20121001,"(53.1763, 8.1824)",4011,Oldenburg,Bremen
3815,19520201,20101130,"(52.2553, 8.0534)",3404,Osnabr�ck,Osnabruck
3818,19560101,19661231,"(52.7167, 11.7333)",15003,Osterburg,Magdeburg
3821,19840801,20221030,"(51.0873, 11.9293)",16051,Osterfeld,Erfurt
3825,19610101,19771231,"(49.5033, 7.2773)",10041,Osterhof,Saarbrucken
3836,19720501,20221030,"(50.4538, 10.2211)",16054,Ostheim_v.d._Rh�n,Suhl
3867,19500101,19561231,"(53.0643, 7.4814)",3403,Papenburg,Oldenburg(o.)
3875,19500101,20221030,"(49.151, 11.6896)",9162,Parsberg/Oberpfalz-Eglwang,Munchen
3883,19700301,19980131,"(50.5999, 11.9966)",16051,Pausa-Unterreichenau,Erfurt
3904,19650101,20221030,"(49.5354, 6.3789)",10041,Perl-Nennig,Saarbrucken
3905,19900829,20221030,"(49.5214, 6.4476)",10041,Perl-Sinz-Renglischberg,Saarbrucken
3921,19740601,19960430,"(49.85, 7.6)",6412,Pferdsfeld,Frankfurt a.m.
3922,19751101,20010630,"(49.1162, 10.8598)",9564,Pfofeld-Langlau,Nurnberg
3925,19890406,20221030,"(48.9329, 8.6973)",8111,Pforzheim-Ispringen,Stuttgart
3927,19580101,20221030,"(47.9345, 9.2869)",8421,Pfullendorf,Ulm
3939,19500101,20221030,"(49.1912, 7.5879)",10041,Pirmasens,Saarbrucken
3954,19700701,19960930,"(54.1603, 10.4345)",2000,Pl�n_(Max-Planck-Institut),Hamburg
3955,19500101,19970131,"(54.159, 10.402)",2000,Pl�n_(See),Hamburg
4036,19530601,20221030,"(51.3895, 11.5412)",14713,Querfurt-M�hle_Lodersleben,Leipzig
4039,19741201,20221030,"(53.7331, 9.8776)",2000,Quickborn,Hamburg
4053,19530101,19961231,"(47.7458, 9.0007)",8335,Radolfzell-Markelfingen,Konstanz
4066,19861101,19990131,"(47.9091, 11.1048)",9162,Raisting,Munchen
4091,19620701,19980630,"(47.7327, 12.6827)",9162,Rauschberg_bei_Ruhpolding,Munchen
4100,19540101,19731231,"(51.6243, 7.182)",5113,Recklinghausen,Dusseldorf-ruhr
4127,19911001,20221030,"(50.9906, 7.6958)",5970,Reichshof-Eckenhagen,Siegen
4152,19710101,19771231,"(47.6783, 8.1527)",8336,Remetschwiel,Lorrach
4156,19731001,19980228,"(54.2878, 9.6749)",2000,Rendsburg,Hamburg
4157,19850601,20031130,"(50.5052, 7.4881)",7111,Rengsdorf_(Kurort),Koblenz
4160,19701222,20221030,"(48.7425, 8.924)",8111,Renningen-Ihinger_Hof,Stuttgart
4166,19880501,20021231,"(48.5051, 9.1833)",8111,Reutlingen-Betzingen,Stuttgart
4169,19580101,20221030,"(48.6703, 7.9939)",8212,Rheinau-Memprechtshofen,Karlsruhe
4174,19710101,20171220,"(52.2887, 7.3866)",5515,Rheine-Bentlage,Munster
4175,19530901,20221030,"(47.559, 7.7721)",8336,Rheinfelden,Lorrach
4222,19630101,20060131,"(50.5263, 12.4091)",16051,Rodewisch,Erfurt
4225,19790601,20190412,"(49.2195, 12.536)",9362,Roding-Wetterfeld,Regensburg
4261,19500101,20221030,"(47.8753, 12.128)",9162,Rosenheim,Munchen
4279,19890418,20221030,"(50.3046, 6.3862)",7211,Roth_bei_Pr�m,Trier
4280,19710101,20221030,"(49.2162, 11.1035)",9564,Roth,Nurnberg
4293,19580101,20051130,"(47.6819, 11.7714)",9162,Rottach-Egern,Munchen
4294,19790701,20021031,"(48.4704, 8.9687)",8111,Rottenburg-Kiebingen,Stuttgart
4300,19570201,20221030,"(48.1815, 8.6356)",8326,Rottweil,Villingen-schwenningen
4318,19710601,20061231,"(47.731, 12.661)",9162,Ruhpolding,Munchen
4320,19880601,19920930,"(54.0934, 10.2223)",2000,Ruhwinkel,Hamburg
4323,19690101,20221030,"(49.6468, 7.8837)",6412,Ruppertsecken,Frankfurt a.m.
4327,19530301,19710716,"(48.8765, 13.049)",9262,Rusel-Irlmoos,Passau
4330,19520101,19800331,"(48.8026, 8.9557)",8111,Rutesheim,Stuttgart
4335,19770701,19830630,"(49.25, 6.95)",10041,Saarbr�cken_(R�chling),Saarbrucken
4338,19750701,19880126,"(49.217, 7.0199)",10041,Saarbr�cken_(Wasserwerk),Saarbrucken
4343,19790101,19970930,"(49.3256, 6.7354)",10041,Saarlouis,Saarbrucken
4349,19871101,20221030,"(48.9569, 9.0711)",8111,Sachsenheim,Stuttgart
4350,19660101,20081231,"(47.5619, 7.9399)",8336,"S�ckingen,_Bad_(Bergseestr.)",Lorrach
4354,19850901,20221030,"(48.7832, 13.3146)",9262,Saldenburg-Entschenreuth,Passau
4364,19650101,19991231,"(52.0355, 10.3054)",3101,Salzgitter-Ringelheim,Braunschweig/wolfsburg
4367,19920401,20061231,"(52.0781, 9.552)",3241,Salzhemmendorf-Lauenstein,Hannover
4377,19650101,20221030,"(50.3518, 10.0034)",9662,Sandberg,Schweinfurt
4390,19630101,20041231,"(48.0091, 8.0966)",8311,Sankt_M�rgen,Freiburg i.br.
4397,19780201,20051231,"(49.5025, 7.202)",6412,Sankt_Wendel-Urweiler,Frankfurt a.m.
4401,19500101,19800630,"(51.6334, 8.1872)",5113,"Sassendorf,_Bad-Ostinghausen",Dusseldorf-ruhr
4411,19791201,20221030,"(49.9195, 8.9671)",6412,Schaafheim-Schlierbach,Frankfurt a.m.
4424,19660406,19861231,"(47.9139, 7.9083)",8311,Schauinsland_(UBA),Freiburg i.br.
4429,19811201,19940831,"(47.588, 9.85)",8436,Scheidegg,Ravensburg
4433,19870101,20041231,"(48.1994, 9.77)",8421,Schemmerhofen-Ingerkingen,Ulm
4438,19921201,20061231,"(49.975, 11.0395)",9564,Sche�litz,Nurnberg
4442,19810101,20071231,"(51.9119, 9.1533)",5711,Schieder,Bielefeld/paderborn
4468,19530101,19730731,"(54.5227, 9.5649)",2000,Schleswig-Stadtfeld,Hamburg
4471,19790101,19850731,"(47.7358, 11.8505)",9162,Schliersee_(A),Munchen
4474,19540101,19731231,"(49.7961, 7.7583)",6412,Schlossb�ckelheim,Frankfurt a.m.
4477,19570101,20100501,"(47.8208, 8.186)",8336,Schluchsee,Lorrach
4479,19540101,19850930,"(50.3849, 9.5358)",6412,Schl�chtern-Kloster_Gomfritz,Frankfurt a.m.
4480,19851001,20221030,"(50.3447, 9.5533)",6412,Schl�chtern-Herolz,Frankfurt a.m.
4484,19610101,19710331,"(53.6615, 10.2543)",2000,Schmalenbeck,Hamburg
4490,19660101,20021231,"(49.4149, 6.836)",10041,Schmelz-H�ttersdorf,Saarbrucken
4496,19550101,19741231,"(51.6826, 12.7348)",14713,"Schmiedeberg,_Bad",Leipzig
4508,19530101,20221030,"(50.2968, 6.4194)",7211,Schneifelforsthaus,Trier
4549,19770501,20100930,"(48.1002, 8.1969)",8311,Sch�nwald/Schwarzwald,Freiburg i.br.
4556,19720901,20000831,"(48.1402, 8.1991)",8311,Schonach,Freiburg i.br.
4557,19530101,20021031,"(47.6464, 7.844)",8336,Schopfheim-Eichen,Lorrach
4571,19690601,19970331,"(51.8369, 10.4312)",3101,Schulenberg,Braunschweig/wolfsburg
4576,19770401,19810731,"(49.3261, 11.012)",9564,Schwabach_(A),Nurnberg
4582,19830401,20010731,"(49.0823, 9.6892)",8111,Schw�bisch_Hall-Bibersfeld,Stuttgart
4583,19911126,20081226,"(48.7868, 9.7456)",8111,Schw�bisch_Gm�nd_(Wind),Stuttgart
4584,19700401,19790531,"(48.3667, 11.8)",9162,Schwaigermoos,Munchen
4586,19910101,19980630,"(50.1394, 8.0627)",6412,"Schwalbach,_Bad",Frankfurt a.m.
4592,19551021,20221030,"(49.3278, 12.0871)",9362,Schwandorf,Regensburg
4606,19600101,19801231,"(51.5167, 14.35)",14612,Schwarze_Pumpe,Dresden
4621,19580501,20031231,"(50.0575, 10.216)",9662,Schweinfurt-Gartenstadt,Schweinfurt
4629,19721001,19991130,"(54.5166, 9.142)",2000,Schwesing,Hamburg
4642,19761001,20221030,"(52.8911, 11.7297)",11000,Seehausen,Berlin
4663,19820201,20110412,"(50.1633, 12.1188)",9464,Selb/Selbbach,Hof
4665,19690101,19750531,"(49.5281, 7.0417)",6412,Selbach_(Tholey),Frankfurt a.m.
4678,19700101,19880729,"(53.5833, 8.0333)",3403,Sengwarden,Oldenburg(o.)
4704,19880501,20221030,"(47.5776, 9.7404)",8436,Sigmarszell-Zeisertsweiler,Ravensburg
4706,19810101,20221030,"(48.2718, 13.0273)",9162,Simbach/Inn,Munchen
4709,19790401,20221030,"(49.9996, 7.5981)",6412,Simmern-Wahlbach,Frankfurt a.m.
4729,19890701,20040229,"(50.2882, 9.4583)",6412,Steinau-Seidenroth,Frankfurt a.m.
4735,19770101,19861231,"(48.7833, 8.0833)",8212,S�llingen,Karlsruhe
4763,19610101,20221030,"(51.0607, 9.9266)",6611,Sontra,Kassel
4775,19520101,19651231,"(49.7858, 11.8211)",9462,Speinshart,Bayreuth
4782,19910101,19911231,"(51.604, 12.1093)",14713,Sp�ren-Prussendorf,Leipzig
4818,19640401,20001231,"(50.1531, 11.7402)",9464,Stammbach-Querenbach,Hof
4837,19851201,19900930,"(47.9869, 7.9466)",8311,Stegen,Freiburg i.br.
4847,19700101,19751231,"(51.3629, 9.6902)",6611,Steinberg,Kassel
4857,19901101,20221030,"(53.5534, 9.6097)",2000,Mittelnkirchen-Hohenfelde,Hamburg
4880,19841201,20221030,"(49.0878, 10.124)",8111,Stimpfach-Weipertshofen,Stuttgart
4881,19771001,19940731,"(47.8591, 9.0152)",8326,Stockach,Villingen-schwenningen
4886,19751101,20070526,"(53.8333, 9.3667)",2000,St�rsperrwerk,Hamburg
4896,19741201,20221030,"(54.6654, 9.805)",2000,Wagersrott,Hamburg
4919,19771001,20210421,"(54.4965, 8.8069)",2000,Strucklahnungsh�rn,Hamburg
4928,19580101,20221030,"(48.8281, 9.2)",8111,Stuttgart_(Schnarrenberg),Stuttgart
4929,19840901,19850531,"(48.8333, 9.2)",8111,Stuttgart_(Schnarrenberg_Aero),Stuttgart
4931,19530101,20221030,"(48.6883, 9.2235)",8111,Stuttgart-Echterdingen,Stuttgart
4947,19880817,20221030,"(52.2317, 10.92)",3101,S�pplingen,Braunschweig/wolfsburg
4978,19860101,20221030,"(50.639, 10.0228)",16054,Tann/Rh�n,Suhl
4987,19860501,20040630,"(49.6122, 9.6747)",9663,Tauberbischofsheim-Dittigheim,Wurzburg
5014,19520101,20221030,"(53.2758, 8.9857)",4011,Worpswede-H�ttenbusch,Bremen
5029,19750601,20221030,"(49.4737, 7.0385)",10041,Tholey,Saarbrucken
5032,19860501,20031231,"(49.885, 9.8469)",9663,Th�ngersheim,Wurzburg
5039,19680301,19981231,"(50.843, 10.1613)",16051,Tiefenort,Erfurt
5046,19670101,20221030,"(49.8576, 12.3542)",9479,Tirschenreuth-Loderm�hl,Wunsiedel i.f.
5049,19570101,20080501,"(47.8991, 8.146)",8311,Titisee-Neustadt-Titisee,Freiburg i.br.
5059,19821001,20021231,"(47.7279, 7.9988)",8336,Todtmoos,Lorrach
5075,19711001,20040630,"(47.8516, 12.6182)",9162,Traunstein-Axdorf,Munchen
5088,19910101,20001231,"(54.5337, 13.246)",13075,Trent,Greifswald/stralsund
5095,19750701,20010901,"(48.1288, 8.233)",8311,Triberg_(Kurpark),Freiburg i.br.
5097,19910101,20221030,"(54.0654, 12.7655)",13075,Tribsees,Greifswald/stralsund
5107,19880601,20031231,"(48.2814, 9.3137)",8421,Trochtelfingen-Wilsingen,Ulm
5120,19500101,19820430,"(48.5198, 9.0515)",8111,T�bingen,Stuttgart
5127,19910201,20031231,"(48.0083, 8.8179)",8326,Tuttlingen,Villingen-schwenningen
5128,19790601,19901231,"(47.9682, 8.7899)",8326,Tuttlingen-M�hringen-Vorstadt,Villingen-schwenningen
5154,19740101,19960930,"(48.4, 9.9833)",8421,Ulm-Wilhelmsburg,Ulm
5158,19871201,20221028,"(52.1601, 11.1759)",3101,Ummendorf,Braunschweig/wolfsburg
5174,19750101,20051231,"(48.4951, 9.4003)",8111,"Urach,_Bad",Stuttgart
5185,19711101,20061231,"(49.5933, 11.0704)",9564,Uttenreuth,Nurnberg
5226,19870611,20011117,"(47.953, 10.9151)",9162,Vilgertshofen,Munchen
5236,19590101,19791231,"(52.8318, 8.3112)",3404,Visbek,Osnabruck
5244,19610101,19820228,"(49.2581, 6.8612)",10041,V�lklingen-Stadt,Saarbrucken
5245,19760101,19990831,"(49.2495, 6.8804)",10041,V�lklingen_(Kraftwerk-Fenne),Saarbrucken
5249,19871208,19901231,"(47.95, 12.1833)",9162,Vogtareuth_(A),Munchen
5267,19630601,19751231,"(52.0722, 11.0222)",3101,Wackersleben,Braunschweig/wolfsburg
5275,19851001,20221030,"(49.2445, 8.5374)",8222,Wagh�usel-Kirrlach,Mannheim
5280,19810401,20221030,"(53.9224, 10.2267)",2000,Wittenborn,Hamburg
5284,19780101,19911231,"(48.8279, 9.3228)",8111,Waiblingen,Stuttgart
5289,19830101,20080430,"(48.4918, 8.5612)",8111,Waldachtal-L�tzenhardt,Stuttgart
5306,19711201,20031231,"(48.9293, 13.4641)",9262,Waldh�user_(National_Park),Passau
5308,19700409,19861231,"(52.8009, 10.7562)",2000,Waldhof_(L�neburger_Heide_UBA),Hamburg
5319,19810801,20221030,"(47.9167, 9.7076)",8436,"Waldsee,_Bad-Reute",Ravensburg
5320,19530101,19910630,"(47.6172, 8.2388)",8336,Waldshut,Lorrach
5327,19810714,20221030,"(49.5789, 9.3975)",6412,Walld�rn,Frankfurt a.m.
5403,19911101,20041231,"(49.59, 10.2588)",9663,Weigenheim-Reusch,Wurzburg
5412,19910531,20221030,"(47.6802, 8.1964)",8336,Weilheim-Bierbronnen,Lorrach
5419,19500101,20070630,"(50.9751, 11.3076)",16051,Weimar,Erfurt
5426,19530101,20221030,"(49.3758, 8.1212)",8222,Weinbiet,Mannheim
5429,19530101,19840630,"(49.1512, 9.292)",8111,Weinsberg,Stuttgart
5433,19570101,20221030,"(49.5534, 6.812)",7211,Weiskirchen/Saar,Trier
5435,19810101,20031231,"(48.8457, 8.9073)",8111,Weissach,Stuttgart
5445,19830201,20071231,"(51.212, 10.9956)",16051,Wei�ensee-Ottenhausen,Erfurt
5453,19920601,20031231,"(48.188, 7.6976)",8311,Weisweil-Waldeckhof,Freiburg i.br.
5460,19781201,19840731,"(48.1477, 8.6954)",8326,Wellendingen,Villingen-schwenningen
5480,19750101,20221030,"(51.5763, 7.8879)",5113,Werl,Dusseldorf-ruhr
5515,19650101,19861231,"(54.9231, 8.308)",2000,Westerland_(UBA),Hamburg
5533,19901201,20031231,"(51.617, 10.5843)",3159,Wieda,Gottingen
5541,19870601,20221030,"(50.1321, 8.3169)",6412,Wiesbaden-Auringen,Frankfurt a.m.
5543,19600101,19860731,"(50.0863, 8.1872)",6412,Wiesbaden-Dotzheim,Frankfurt a.m.
5546,19670401,20221030,"(52.1206, 12.4586)",10041,Wiesenburg,Saarbrucken
5564,19750101,19920331,"(51.1167, 6.2167)",5113,Wildenrath,Dusseldorf-ruhr
5583,19830801,20060131,"(51.2818, 8.6673)",6611,Willingen/Upland-Usseln,Kassel
5610,19580101,20081231,"(51.1872, 8.5079)",6611,Winterberg,Kassel
5640,19690101,20221030,"(53.5503, 7.6672)",3403,Wittmundhafen,Oldenburg(o.)
5663,19790101,19961130,"(53.4618, 13.6099)",11000,Woldegk,Berlin
5664,19580101,20221030,"(48.2953, 8.2391)",8111,Wolfach,Stuttgart
5665,19791001,20100501,"(47.818, 9.797)",8436,Wolfegg,Ravensburg
5675,19610101,19880831,"(52.4411, 10.7587)",3101,Wolfsburg,Braunschweig/wolfsburg
5676,19810401,20221030,"(52.3962, 10.6892)",3101,Wolfsburg_(S�dwest),Braunschweig/wolfsburg
5681,19810901,19981231,"(49.5811, 7.6234)",10041,Wolfstein/Pfalz,Saarbrucken
5715,19740101,20221030,"(52.4626, 9.4245)",3241,Wunstorf,Hannover
5728,19520401,19811231,"(52.8039, 12.8714)",11000,Wustrau-Ziethenhorst,Berlin
5731,19610101,20221030,"(47.6783, 8.3801)",8336,Wut�schingen-Ofteringen,Lorrach
5750,19520901,20221030,"(51.0314, 12.1495)",14713,Zeitz,Leipzig
5778,19910101,20040731,"(54.0801, 13.8989)",13075,Zinnowitz,Greifswald/stralsund
5779,19710101,20221030,"(50.7313, 13.7516)",14612,Zinnwald-Georgenfeld,Dresden
5821,19610101,19761231,"(52.8482, 8.719)",4011,Bassum_(A),Bremen
5822,19751001,20221030,"(52.863, 8.6988)",4011,Bassum,Bremen
5825,19530701,20221030,"(52.6198, 12.7867)",11000,Berge,Berlin
5840,19740601,20050331,"(48.6671, 8.47)",8212,Enzkl�sterle,Karlsruhe
5841,19770301,19790228,"(48.6667, 8.4667)",8212,Enzkl�sterle_(A),Karlsruhe
5904,19780501,20050131,"(48.6493, 11.7772)",9162,Mainburg,Munchen
5912,19500101,20031231,"(51.0988, 9.538)",6611,Malsfeld,Kassel
5920,19500101,19970731,"(50.4485, 7.4275)",7111,Neuwied,Koblenz
5930,19810801,20221030,"(54.641, 10.0238)",2000,Sch�nhagen_(Ostseebad),Hamburg
6136,19820801,19950430,"(50.7, 8.3)",5970,Dillenburg-Niederscheld_(Kl�ranlage),Siegen
6159,19590301,20221030,"(52.9542, 7.3196)",5515,D�rpen,Munster
6181,19870601,19921231,"(51.3154, 9.4281)",6611,Kassel-Wilhelmsh�he,Kassel
6183,19760201,19891231,"(54.9101, 8.3268)",2000,Westerland_(Wind),Hamburg
6184,19880801,20090615,"(53.5333, 8.1667)",3403,Wilhelmshaven_(Flugplatz),Oldenburg(o.)
6189,19710101,19950831,"(53.1333, 9.35)",4011,Rotenburg_(W�mme)_(Flugplatz),Bremen
6211,19870610,20221030,"(47.955, 12.1735)",9162,Vogtareuth_(Kl�ranlage),Munchen
6221,19910903,19940630,"(53.5084, 7.0781)",3403,Krummh�rn_(Hooge),Oldenburg(o.)
6277,19710101,19900430,"(52.4167, 10.6667)",3101,Wolfsburg_(Schleuse),Braunschweig/wolfsburg
7244,19670101,20040930,"(53.1424, 13.0319)",11000,Neuglobsow_(HM),Berlin
7308,19850206,20180125,"(47.8847, 11.154)",9162,Wielenbach,Munchen
13901,19790201,20221030,"(51.7343, 7.1998)",5113,Haltern_(Wasserwerk),Dusseldorf-ruhr
13932,19870521,20221030,"(48.3617, 13.1938)",9162,Rotthalm�nster_(Landwirtschaftsamt),Munchen
14003,19741001,19800930,"(47.8619, 10.6144)",9162,Kaufbeuren_(Flugplatz),Munchen
14311,19610101,20051231,"(50.15, 6.5528)",7211,Hersdorf-Wei�enseifen,Trier
15951,19760401,20040831,"(49.2121, 7.5882)",10041,Pirmasens_(Kl�ranlage),Saarbrucken
15963,19540101,20041130,"(51.3258, 6.5089)",5113,St._T�nis,Dusseldorf-ruhr
15965,19690501,19840831,"(50.3102, 9.7838)",9662,"Br�ckenau,_Bad_(Elisabethenhof)",Schweinfurt
16085,19600701,19611231,"(53.5874, 8.6011)",4011,Leherheide,Bremen
19087,19570501,19951130,"(48.8049, 13.5528)",9262,Freyung_vorm_Wald,Passau
19317,19740101,19810630,"(48.2333, 11.5667)",9162,Oberschlei�heim/Flugplatz,Munchen
19378,19580101,19771231,"(50.8333, 10.5833)",16051,Finsterbergen,Erfurt
19510,19500101,19710106,"(51.1, 12.33)",14713,Lucka,Leipzig
